{
  "implemented": true,
  "nationalPokedexNumber": 460,
  "name": "Abomasnow",
  "primaryType": "grass",
  "secondaryType": "ice",
  "maleRatio": 0.5,
  "height": 22,
  "weight": 1355,
  "pokedex": [
    "cobblemon.species.abomasnow.desc"
  ],
  "labels": [
    "gen4"
  ],
  "aspects": [],
  "abilities": [
    "snowwarning",
    "h:soundproof"
  ],
  "eggGroups": [
    "monster",
    "grass"
  ],
  "baseStats": {
    "hp": 90,
    "attack": 92,
    "defence": 75,
    "special_attack": 92,
    "special_defence": 85,
    "speed": 60
  },
  "evYield": {
    "hp": 0,
    "attack": 1,
    "defence": 0,
    "special_attack": 1,
    "special_defence": 0,
    "speed": 0
  },
  "baseExperienceYield": 173,
  "experienceGroup": "slow",
  "catchRate": 60,
  "eggCycles": 20,
  "baseFriendship": 50,
  "baseScale": 1,
  "hitbox": {
   "width": 2,
   "height": 3,
   "fixed": false
  },
  "drops": {
    "amount": 4,
    "entries": [
      {
        "item": "minecraft:snowball",
        "quantityRange": "0-2"
      },
      {
        "item": "cobblemon:never_melt_ice",
        "percentage": 5.0
      },
      {
        "item": "cobblemon:occa_berry",
        "percentage": 5.0
      }
    ]
  },
  "moves": [
    "1:icepunch",
    "1:powdersnow",
    "1:leer",
    "1:grasswhistle",
    "1:mist",
    "1:auroraveil",
    "1:leafage",
    "15:iceshard",
    "20:razorleaf",
    "25:icywind",
    "30:swagger",
    "35:ingrain",
    "43:woodhammer",
    "49:blizzard",
    "56:sheercold",
    "egg:doubleedge",
    "egg:growth",
    "egg:leechseed",
    "egg:naturalgift",
    "egg:skullbash",
    "egg:stomp",
    "egg:weatherball",
    "tm:attract",
    "tm:auroraveil",
    "tm:avalanche",
    "tm:blizzard",
    "tm:block",
    "tm:bodypress",
    "tm:bodyslam",
    "tm:brickbreak",
    "tm:bulldoze",
    "tm:bulletseed",
    "tm:captivate",
    "tm:chillingwater",
    "tm:confide",
    "tm:curse",
    "tm:doubleedge",
    "tm:doubleteam",
    "tm:earthpower",
    "tm:earthquake",
    "tm:endure",
    "tm:energyball",
    "tm:facade",
    "tm:flash",
    "tm:fling",
    "tm:focusblast",
    "tm:focuspunch",
    "tm:frostbreath",
    "tm:frustration",
    "tm:gigadrain",
    "tm:gigaimpact",
    "tm:grassknot",
    "tm:grassyglide",
    "tm:hail",
    "tm:hardpress",
    "tm:headbutt",
    "tm:helpinghand",
    "tm:hiddenpower",
    "tm:hyperbeam",
    "tm:icebeam",
    "tm:icepunch",
    "tm:icespinner",
    "tm:iciclespear",
    "tm:icywind",
    "tm:irontail",
    "tm:leafstorm",
    "tm:lightscreen",
    "tm:lowkick",
    "tm:magicalleaf",
    "tm:megakick",
    "tm:megapunch",
    "tm:mudslap",
    "tm:naturalgift",
    "tm:outrage",
    "tm:protect",
    "tm:raindance",
    "tm:rest",
    "tm:return",
    "tm:rockclimb",
    "tm:rockslide",
    "tm:rocksmash",
    "tm:rocktomb",
    "tm:roleplay",
    "tm:round",
    "tm:safeguard",
    "tm:scaryface",
    "tm:secretpower",
    "tm:seedbomb",
    "tm:shadowball",
    "tm:sleeptalk",
    "tm:snore",
    "tm:snowscape",
    "tm:solarbeam",
    "tm:stompingtantrum",
    "tm:strength",
    "tm:substitute",
    "tm:swagger",
    "tm:swordsdance",
    "tm:synthesis",
    "tm:takedown",
    "tm:terablast",
    "tm:toxic",
    "tm:trailblaze",
    "tm:waterpulse",
    "tm:weatherball",
    "tm:worryseed",
    "tutor:block",
    "tutor:bulldoze",
    "tutor:earthpower",
    "tutor:energyball",
    "tutor:focuspunch",
    "tutor:gigadrain",
    "tutor:gigaimpact",
    "tutor:grassyglide",
    "tutor:helpinghand",
    "tutor:hyperbeam",
    "tutor:icebeam",
    "tutor:icepunch",
    "tutor:icywind",
    "tutor:irontail",
    "tutor:lowkick",
    "tutor:magicalleaf",
    "tutor:mudslap",
    "tutor:outrage",
    "tutor:rest",
    "tutor:rockslide",
    "tutor:rocksmash",
    "tutor:roleplay",
    "tutor:seedbomb",
    "tutor:sleeptalk",
    "tutor:stompingtantrum",
    "tutor:synthesis",
    "tutor:waterpulse",
    "tutor:worryseed"
  ],
  "preEvolution": "snover",
  "evolutions": [
    {
      "id": "abomasnow_megaabomasnow",
      "variant": "level_up",
      "result": "abomasnow mega_evolution=mega",
      "consumeHeldItem": false,
      "learnableMoves": [],
      "requirements": [
          {
            "variant": "level",
            "minLevel": "50"
          },
          {
            "variant": "friendship",
            "amount": 180
          },
          {
            "variant": "held_item",
            "itemCondition": "minecraft:ominous_trial_key"
          }          
       ]
    }
],
  "forms": [
    {
      "name": "Mega",
      "primaryType": "grass",
      "secondaryType": "ice",
      "maleRatio": 0.5,
      "height": 27,
      "weight": 1850,
      "pokedex": [
        "cobblemon.species.abomasnow-mega.desc"
      ],
      "labels": [
        "gen6",
        "mega"
      ],
      "aspects": [
        "mega"
      ],
      "abilities": [
        "snowwarning",
        "h:snowwarning"
      ],
      "baseStats": {
        "hp": 90,
        "attack": 132,
        "defence": 105,
        "special_attack": 132,
        "special_defence": 105,
        "speed": 30
      },
      "baseExperienceYield": 208,
      "dynamaxBlocked": true,
      "evolutions": [
        {
          "id": "megaabomasnow_abomasnow",
          "variant": "level_up",
          "result": "abomasnow mega_evolution=base",
          "consumeHeldItem": false,
          "learnableMoves": [],
          "requirements": [
		  {
            "variant": "held_item",
            "itemCondition": "minecraft:ominous_trial_key"
          }
		  ]
        }
      ],
      "battleOnly": false
    }
  ]
}
