{
  "implemented": true,
  "nationalPokedexNumber": 428,
  "name": "Lopunny",
  "primaryType": "normal",
  "maleRatio": 0.5,
  "height": 12,
  "weight": 333,
  "pokedex": [
    "cobblemon.species.lopunny.desc"
  ],
  "labels": [
    "gen4"
  ],
  "aspects": [],
  "abilities": [
    "cutecharm",
    "klutz",
    "h:limber"
  ],
  "eggGroups": [
    "field",
    "human_like"
  ],
  "baseStats": {
    "hp": 65,
    "attack": 76,
    "defence": 84,
    "special_attack": 54,
    "special_defence": 96,
    "speed": 105
  },
  "evYield": {
    "hp": 0,
    "attack": 0,
    "defence": 0,
    "special_attack": 0,
    "special_defence": 0,
    "speed": 2
  },
  "baseExperienceYield": 168,
  "experienceGroup": "medium_fast",
  "catchRate": 60,
  "eggCycles": 20,
  "baseFriendship": 140,
  "baseScale": 0.5,
  "hitbox": {
    "width": 1.4,
    "height": 3,
    "fixed": false
  },
  "behaviour": {
    "moving": {
      "walk": {
        "walkSpeed": 0.25
      }
    },
    "resting": {
      "canSleep": true,
      "light": "0-4"
    }
  },
  "drops": {
    "amount": 6,
    "entries": [
      {
        "item": "minecraft:rabbit"
      },
      {
        "item": "minecraft:rabbit_hide",
        "quantityRange": "0-2"
      },
      {
        "item": "minecraft:rabbit_foot",
        "percentage": 5.0
      },
      {
        "item": "minecraft:carrot",
        "percentage": 5.0
      },
      {
        "item": "cobblemon:chople_berry",
        "percentage": 5.0
      }
    ]
  },
  "moves": [
    "1:mirrorcoat",
    "1:magiccoat",
    "1:splash",
    "1:pound",
    "1:defensecurl",
    "1:foresight",
    "1:jumpkick",
    "1:dizzypunch",
    "1:rototiller",
    "1:return",
    "1:babydolleyes",
    "1:frustration",
    "12:afteryou",
    "16:quickattack",
    "20:doublekick",
    "24:charm",
    "28:batonpass",
    "32:headbutt",
    "36:agility",
    "40:entrainment",
    "44:flatter",
    "48:bounce",
    "52:healingwish",
    "56:highjumpkick",
    "egg:attract",
    "egg:circlethrow",
    "egg:copycat",
    "egg:doublehit",
    "egg:fakeout",
    "egg:flail",
    "egg:focuspunch",
    "egg:jumpkick",
    "egg:mudsport",
    "egg:return",
    "egg:skyuppercut",
    "egg:sweetkiss",
    "egg:switcheroo",
    "egg:teeterdance",
    "tm:acrobatics",
    "tm:afteryou",
    "tm:agility",
    "tm:assurance",
    "tm:attract",
    "tm:aurasphere",
    "tm:babydolleyes",
    "tm:batonpass",
    "tm:blizzard",
    "tm:bounce",
    "tm:brutalswing",
    "tm:captivate",
    "tm:chargebeam",
    "tm:charm",
    "tm:closecombat",
    "tm:confide",
    "tm:cosmicpower",
    "tm:covet",
    "tm:cut",
    "tm:dig",
    "tm:doubleteam",
    "tm:drainpunch",
    "tm:encore",
    "tm:endeavor",
    "tm:endure",
    "tm:facade",
    "tm:faketears",
    "tm:firepunch",
    "tm:fling",
    "tm:focusblast",
    "tm:focuspunch",
    "tm:furycutter",
    "tm:gigaimpact",
    "tm:grassknot",
    "tm:headbutt",
    "tm:healbell",
    "tm:helpinghand",
    "tm:hiddenpower",
    "tm:hyperbeam",
    "tm:hypervoice",
    "tm:icebeam",
    "tm:icepunch",
    "tm:irontail",
    "tm:laserfocus",
    "tm:lastresort",
    "tm:lowkick",
    "tm:lowsweep",
    "tm:magiccoat",
    "tm:megakick",
    "tm:megapunch",
    "tm:mudslap",
    "tm:naturalgift",
    "tm:payback",
    "tm:playrough",
    "tm:poweruppunch",
    "tm:protect",
    "tm:raindance",
    "tm:rest",
    "tm:retaliate",
    "tm:reversal",
    "tm:rocksmash",
    "tm:round",
    "tm:secretpower",
    "tm:shadowball",
    "tm:shockwave",
    "tm:sleeptalk",
    "tm:snore",
    "tm:solarbeam",
    "tm:strength",
    "tm:substitute",
    "tm:sunnyday",
    "tm:swagger",
    "tm:swift",
    "tm:terablast",
    "tm:thunder",
    "tm:thunderbolt",
    "tm:thunderpunch",
    "tm:thunderwave",
    "tm:toxic",
    "tm:tripleaxel",
    "tm:uproar",
    "tm:uturn",
    "tm:waterpulse",
    "tm:workup",
    "tutor:afteryou",
    "tutor:babydolleyes",
    "tutor:bounce",
    "tutor:chargebeam",
    "tutor:covet",
    "tutor:drainpunch",
    "tutor:endeavor",
    "tutor:firepunch",
    "tutor:focuspunch",
    "tutor:furycutter",
    "tutor:gigaimpact",
    "tutor:healbell",
    "tutor:helpinghand",
    "tutor:hyperbeam",
    "tutor:hypervoice",
    "tutor:icebeam",
    "tutor:icepunch",
    "tutor:irontail",
    "tutor:laserfocus",
    "tutor:lastresort",
    "tutor:lowkick",
    "tutor:magiccoat",
    "tutor:mudslap",
    "tutor:playrough",
    "tutor:rest",
    "tutor:rocksmash",
    "tutor:shadowball",
    "tutor:shockwave",
    "tutor:sleeptalk",
    "tutor:swift",
    "tutor:thunderbolt",
    "tutor:thunderpunch",
    "tutor:tripleaxel",
    "tutor:uproar",
    "tutor:waterpulse"
  ],
  "preEvolution": "buneary",
  "evolutions": [
    {
      "id": "lopunny_megalopunny",
      "variant": "level_up",
      "result": "lopunny mega_evolution=mega",
      "consumeHeldItem": false,
      "learnableMoves": [],
      "requirements": [
          {
            "variant": "level",
            "minLevel": "50"
          },
          {
            "variant": "friendship",
            "amount": 180
          },
          {
            "variant": "held_item",
            "itemCondition": "minecraft:ominous_trial_key"
          }          
       ]
    }
],
  "forms": [
    {
      "name": "Mega",
      "primaryType": "normal",
      "secondaryType": "fighting",
      "maleRatio": 0.5,
      "height": 13,
      "weight": 283,
      "pokedex": [
        "cobblemon.species.lopunny-mega.desc"
      ],
      "labels": [
        "gen6",
        "mega"
      ],
      "aspects": [
        "mega"
      ],
      "abilities": [
        "scrappy",
        "h:scrappy"
      ],
      "baseStats": {
        "hp": 65,
        "attack": 136,
        "defence": 94,
        "special_attack": 54,
        "special_defence": 96,
        "speed": 135
      },
      "baseExperienceYield": 203,
      "dynamaxBlocked": true,
      "evolutions": [
        {
          "id": "megalopunny_lopunny",
          "variant": "level_up",
          "result": "lopunny mega_evolution=base",
          "consumeHeldItem": false,
          "learnableMoves": [],
          "requirements": [
		  {
            "variant": "held_item",
            "itemCondition": "minecraft:ominous_trial_key"
          }
		  ]
        }
      ],
      "battleOnly": false
    }
  ]
}
