{
  "implemented": true,
  "nationalPokedexNumber": 359,
  "name": "Absol",
  "primaryType": "dark",
  "maleRatio": 0.5,
  "height": 12,
  "weight": 470,
  "pokedex": [
    "cobblemon.species.absol.desc"
  ],
  "labels": [
    "gen3"
  ],
  "aspects": [],
  "abilities": [
    "pressure",
    "superluck",
    "h:justified"
  ],
  "eggGroups": [
    "field"
  ],
  "baseStats": {
    "hp": 65,
    "attack": 130,
    "defence": 60,
    "special_attack": 75,
    "special_defence": 60,
    "speed": 75
  },
  "evYield": {
    "hp": 0,
    "attack": 2,
    "defence": 0,
    "special_attack": 0,
    "special_defence": 0,
    "speed": 0
  },
  "baseExperienceYield": 163,
  "experienceGroup": "medium_slow",
  "catchRate": 30,
  "eggCycles": 25,
  "baseFriendship": 35,
  "baseScale": 0.7,
  "hitbox": {
    "width": 1.2,
    "height": 2.1,
    "fixed": false
  },
  "drops": {
    "amount": 3,
    "entries": [
      {
        "item": "cobblemon:razor_claw",
        "percentage": 5.0
      },
      {
        "item": "cobblemon:life_orb",
        "percentage": 5.0
      },
      {
        "item": "cobblemon:roseli_berry",
        "percentage": 5.0
      }
    ]
  },
  "moves": [
    "1:scratch",
    "1:feint",
    "1:leer",
    "1:quickattack",
    "1:razorwind",
    "1:pursuit",
    "1:bite",
    "1:mefirst",
    "5:doubleteam",
    "10:knockoff",
    "15:detect",
    "20:taunt",
    "25:slash",
    "30:nightslash",
    "35:focusenergy",
    "40:suckerpunch",
    "45:swordsdance",
    "50:futuresight",
    "55:perishsong",
    "egg:bite",
    "egg:curse",
    "egg:doubleedge",
    "egg:feint",
    "egg:feintattack",
    "egg:magiccoat",
    "egg:meanlook",
    "egg:mefirst",
    "egg:perishsong",
    "egg:punishment",
    "tm:aerialace",
    "tm:airslash",
    "tm:assurance",
    "tm:attract",
    "tm:batonpass",
    "tm:blizzard",
    "tm:bodyslam",
    "tm:bounce",
    "tm:brutalswing",
    "tm:calmmind",
    "tm:captivate",
    "tm:chargebeam",
    "tm:closecombat",
    "tm:confide",
    "tm:counter",
    "tm:curse",
    "tm:cut",
    "tm:darkpulse",
    "tm:doubleedge",
    "tm:doubleteam",
    "tm:dreameater",
    "tm:echoedvoice",
    "tm:endure",
    "tm:facade",
    "tm:falseswipe",
    "tm:fireblast",
    "tm:flamethrower",
    "tm:flash",
    "tm:focusenergy",
    "tm:foulplay",
    "tm:frustration",
    "tm:furycutter",
    "tm:futuresight",
    "tm:gigaimpact",
    "tm:hail",
    "tm:headbutt",
    "tm:hex",
    "tm:hiddenpower",
    "tm:honeclaws",
    "tm:hyperbeam",
    "tm:icebeam",
    "tm:icywind",
    "tm:incinerate",
    "tm:irontail",
    "tm:knockoff",
    "tm:laserfocus",
    "tm:magiccoat",
    "tm:megahorn",
    "tm:mimic",
    "tm:mudslap",
    "tm:naturalgift",
    "tm:nightmare",
    "tm:payback",
    "tm:playrough",
    "tm:protect",
    "tm:psychocut",
    "tm:psychup",
    "tm:raindance",
    "tm:rest",
    "tm:retaliate",
    "tm:return",
    "tm:rockslide",
    "tm:rocksmash",
    "tm:rocktomb",
    "tm:roleplay",
    "tm:round",
    "tm:sandstorm",
    "tm:secretpower",
    "tm:shadowball",
    "tm:shadowclaw",
    "tm:shockwave",
    "tm:sleeptalk",
    "tm:snarl",
    "tm:snatch",
    "tm:snore",
    "tm:spite",
    "tm:stoneedge",
    "tm:strength",
    "tm:substitute",
    "tm:suckerpunch",
    "tm:sunnyday",
    "tm:superpower",
    "tm:swagger",
    "tm:swift",
    "tm:swordsdance",
    "tm:taunt",
    "tm:terablast",
    "tm:thief",
    "tm:throatchop",
    "tm:thunder",
    "tm:thunderbolt",
    "tm:thunderwave",
    "tm:torment",
    "tm:toxic",
    "tm:waterpulse",
    "tm:willowisp",
    "tm:xscissor",
    "tm:zenheadbutt",
    "tutor:aerialace",
    "tutor:bounce",
    "tutor:calmmind",
    "tutor:chargebeam",
    "tutor:darkpulse",
    "tutor:falseswipe",
    "tutor:flamethrower",
    "tutor:focusenergy",
    "tutor:foulplay",
    "tutor:furycutter",
    "tutor:gigaimpact",
    "tutor:hyperbeam",
    "tutor:icebeam",
    "tutor:icywind",
    "tutor:irontail",
    "tutor:knockoff",
    "tutor:laserfocus",
    "tutor:magiccoat",
    "tutor:megahorn",
    "tutor:mudslap",
    "tutor:playrough",
    "tutor:psychocut",
    "tutor:rest",
    "tutor:rockslide",
    "tutor:rocksmash",
    "tutor:roleplay",
    "tutor:shadowball",
    "tutor:shadowclaw",
    "tutor:shockwave",
    "tutor:sleeptalk",
    "tutor:snarl",
    "tutor:snatch",
    "tutor:spite",
    "tutor:stoneedge",
    "tutor:suckerpunch",
    "tutor:superpower",
    "tutor:swift",
    "tutor:throatchop",
    "tutor:thunderbolt",
    "tutor:waterpulse",
    "tutor:wish",
    "tutor:xscissor",
    "tutor:zenheadbutt"
  ],
  "evolutions": [
    {
      "id": "absol_megaabsol",
      "variant": "level_up",
      "result": "absol mega_evolution=mega",
      "consumeHeldItem": false,
      "learnableMoves": [],
      "requirements": [
          {
            "variant": "level",
            "minLevel": "50"
          },
          {
            "variant": "friendship",
            "amount": 180
          },
          {
            "variant": "held_item",
            "itemCondition": "minecraft:ominous_trial_key"
          }          
       ]
    }
],
  "forms": [
    {
      "name": "Mega",
      "primaryType": "dark",
      "maleRatio": 0.5,
      "height": 12,
      "weight": 490,
      "pokedex": [
        "cobblemon.species.absol-mega.desc"
      ],
      "labels": [
        "gen6",
        "mega"
      ],
      "aspects": [
        "mega"
      ],
      "abilities": [
        "magicbounce",
        "h:magicbounce"
      ],
      "baseStats": {
        "hp": 65,
        "attack": 150,
        "defence": 60,
        "special_attack": 115,
        "special_defence": 60,
        "speed": 115
      },
      "baseExperienceYield": 198,
      "dynamaxBlocked": true,
      "evolutions": [
        {
          "id": "megaabsol_absol",
          "variant": "level_up",
          "result": "absol mega_evolution=base",
          "consumeHeldItem": false,
          "learnableMoves": [],
          "requirements": [
		  {
            "variant": "held_item",
            "itemCondition": "minecraft:ominous_trial_key"
          }
		  ]
        }
      ],
      "battleOnly": false
    }
  ]
}
