{
  "implemented": true,
  "nationalPokedexNumber": 257,
  "name": "Blaziken",
  "primaryType": "fire",
  "secondaryType": "fighting",
  "maleRatio": 0.875,
  "height": 19,
  "weight": 520,
  "pokedex": [
    "cobblemon.species.blaziken.desc"
  ],
  "labels": [
    "gen3"
  ],
  "aspects": [],
  "abilities": [
    "blaze",
    "h:speedboost"
  ],
  "eggGroups": [
    "field"
  ],
  "baseStats": {
    "hp": 80,
    "attack": 120,
    "defence": 70,
    "special_attack": 110,
    "special_defence": 70,
    "speed": 80
  },
  "evYield": {
    "hp": 0,
    "attack": 3,
    "defence": 0,
    "special_attack": 0,
    "special_defence": 0,
    "speed": 0
  },
  "baseExperienceYield": 265,
  "experienceGroup": "medium_slow",
  "catchRate": 45,
  "eggCycles": 20,
  "baseFriendship": 50,
  "baseScale": 1,
  "hitbox": {
    "width": 1.1,
    "height": 2.6,
    "fixed": false
  },
  "drops": {
    "amount": 5,
    "entries": [
      {
        "item": "minecraft:feather",
        "quantityRange": "0-3"
      },
      {
        "item": "minecraft:cooked_chicken"
      },
      {
        "item": "cobblemon:charcoal_stick",
        "percentage": 25.0
      },
	  {
        "item": "cobblemon:life_orb",
        "percentage": 5.0
      }
    ]
  },
  "moves": [
    "1:firepunch",
    "1:scratch",
    "1:growl",
    "1:ember",
    "1:doublekick",
    "1:peck",
    "1:quickattack",
    "1:blazekick",
    "1:skyuppercut",
    "1:flamethrower",
    "1:highjumpkick",
    "1:closecombat",
    "1:featherdance",
    "1:mirrormove",
    "9:flamecharge",
    "12:detect",
    "15:sandattack",
    "20:aerialace",
    "25:slash",
    "30:bounce",
    "35:focusenergy",
    "42:bulkup",
    "49:reversal",
    "56:flareblitz",
    "63:bravebird",
    "egg:counter",
    "egg:crushclaw",
    "egg:feint",
    "egg:flameburst",
    "egg:lastresort",
    "egg:mirrormove",
    "egg:nightslash",
    "egg:peck",
    "egg:smellingsalts",
    "egg:swagger",
    "tm:acrobatics",
    "tm:aerialace",
    "tm:agility",
    "tm:assurance",
    "tm:attract",
    "tm:aurasphere",
    "tm:batonpass",
    "tm:blastburn",
    "tm:blazekick",
    "tm:bodyslam",
    "tm:bounce",
    "tm:bravebird",
    "tm:brickbreak",
    "tm:bulkup",
    "tm:bulldoze",
    "tm:captivate",
    "tm:closecombat",
    "tm:coaching",
    "tm:confide",
    "tm:curse",
    "tm:cut",
    "tm:defog",
    "tm:dig",
    "tm:doubleedge",
    "tm:doubleteam",
    "tm:dualchop",
    "tm:dynamicpunch",
    "tm:earthquake",
    "tm:echoedvoice",
    "tm:endure",
    "tm:facade",
    "tm:featherdance",
    "tm:fireblast",
    "tm:firepledge",
    "tm:firepunch",
    "tm:firespin",
    "tm:flamecharge",
    "tm:flamethrower",
    "tm:flareblitz",
    "tm:fling",
    "tm:focusblast",
    "tm:focusenergy",
    "tm:focuspunch",
    "tm:frustration",
    "tm:furycutter",
    "tm:gigaimpact",
    "tm:headbutt",
    "tm:heatcrash",
    "tm:heatwave",
    "tm:helpinghand",
    "tm:hiddenpower",
    "tm:honeclaws",
    "tm:hyperbeam",
    "tm:incinerate",
    "tm:knockoff",
    "tm:laserfocus",
    "tm:lastresort",
    "tm:lowkick",
    "tm:lowsweep",
    "tm:megakick",
    "tm:megapunch",
    "tm:mimic",
    "tm:mudslap",
    "tm:naturalgift",
    "tm:overheat",
    "tm:poisonjab",
    "tm:poweruppunch",
    "tm:protect",
    "tm:rest",
    "tm:return",
    "tm:revenge",
    "tm:reversal",
    "tm:roar",
    "tm:rockclimb",
    "tm:rockslide",
    "tm:rocksmash",
    "tm:rocktomb",
    "tm:roleplay",
    "tm:round",
    "tm:scorchingsands",
    "tm:secretpower",
    "tm:seismictoss",
    "tm:shadowclaw",
    "tm:sleeptalk",
    "tm:snore",
    "tm:solarbeam",
    "tm:stoneedge",
    "tm:strength",
    "tm:substitute",
    "tm:sunnyday",
    "tm:superpower",
    "tm:swagger",
    "tm:swift",
    "tm:swordsdance",
    "tm:takedown",
    "tm:temperflare",
    "tm:terablast",
    "tm:thief",
    "tm:thunderpunch",
    "tm:toxic",
    "tm:upperhand",
    "tm:uproar",
    "tm:uturn",
    "tm:vacuumwave",
    "tm:willowisp",
    "tm:workup",
    "tutor:aerialace",
    "tutor:blastburn",
    "tutor:bounce",
    "tutor:bulkup",
    "tutor:bulldoze",
    "tutor:coaching",
    "tutor:dualchop",
    "tutor:firepledge",
    "tutor:firepunch",
    "tutor:flamethrower",
    "tutor:focusenergy",
    "tutor:focuspunch",
    "tutor:furycutter",
    "tutor:gigaimpact",
    "tutor:heatwave",
    "tutor:helpinghand",
    "tutor:hyperbeam",
    "tutor:knockoff",
    "tutor:laserfocus",
    "tutor:lastresort",
    "tutor:lowkick",
    "tutor:mudslap",
    "tutor:poisonjab",
    "tutor:rest",
    "tutor:rockslide",
    "tutor:rocksmash",
    "tutor:roleplay",
    "tutor:scorchingsands",
    "tutor:shadowclaw",
    "tutor:sleeptalk",
    "tutor:stoneedge",
    "tutor:superpower",
    "tutor:swift",
    "tutor:thunderpunch",
    "tutor:uproar",
    "tutor:vacuumwave"
  ],
  "preEvolution": "combusken",
  "evolutions": [
    {
      "id": "blaziken_megablaziken",
      "variant": "level_up",
      "result": "blaziken mega_evolution=mega",
      "consumeHeldItem": false,
      "learnableMoves": [],
      "requirements": [
          {
            "variant": "level",
            "minLevel": "50"
          },
          {
            "variant": "friendship",
            "amount": 180
          },
          {
            "variant": "held_item",
            "itemCondition": "minecraft:ominous_trial_key"
          }          
       ]
    }
],
  "forms": [
    {
      "name": "Mega",
      "primaryType": "fire",
      "secondaryType": "fighting",
      "maleRatio": 0.875,
      "height": 19,
      "weight": 520,
      "pokedex": [
        "cobblemon.species.blaziken-mega.desc"
      ],
      "labels": [
        "gen6",
        "mega"
      ],
      "aspects": [
        "mega"
      ],
      "abilities": [
        "speedboost",
        "h:speedboost"
      ],
      "baseStats": {
        "hp": 80,
        "attack": 160,
        "defence": 80,
        "special_attack": 130,
        "special_defence": 80,
        "speed": 100
      },
      "baseExperienceYield": 315,
      "dynamaxBlocked": true,
      "evolutions": [
        {
          "id": "megablaziken_blaziken",
          "variant": "level_up",
          "result": "blaziken mega_evolution=base",
          "consumeHeldItem": false,
          "learnableMoves": [],
          "requirements": [
		  {
            "variant": "held_item",
            "itemCondition": "minecraft:ominous_trial_key"
          }
		  ]
        }
      ],
      "battleOnly": false
    }
  ]
}