{
  "implemented": true,
  "nationalPokedexNumber": 323,
  "name": "Camerupt",
  "primaryType": "fire",
  "secondaryType": "ground",
  "maleRatio": 0.5,
  "height": 19,
  "weight": 2200,
  "pokedex": [
    "cobblemon.species.camerupt.desc"
  ],
  "labels": [
    "gen3"
  ],
  "aspects": [],
  "abilities": [
    "magmaarmor",
    "solidrock",
    "h:angerpoint"
  ],
  "eggGroups": [
    "field"
  ],
  "baseStats": {
    "hp": 70,
    "attack": 100,
    "defence": 70,
    "special_attack": 105,
    "special_defence": 75,
    "speed": 40
  },
  "evYield": {
    "hp": 0,
    "attack": 1,
    "defence": 0,
    "special_attack": 1,
    "special_defence": 0,
    "speed": 0
  },
  "baseExperienceYield": 161,
  "experienceGroup": "medium_fast",
  "catchRate": 150,
  "eggCycles": 20,
  "baseFriendship": 50,
  "baseScale": 1.2,
  "hitbox": {
    "width": 2,
    "height": 1.5,
    "fixed": false
  },
  "drops": {
    "amount": 2,
    "entries": [
      {
        "item": "minecraft:magma_cream",
        "percentage": 5.0
      },
      {
        "item": "cobblemon:rawst_berry",
        "percentage": 5.0
      }
    ]
  },
  "moves": [
    "1:growl",
    "1:tackle",
    "1:ember",
    "1:magnitude",
    "1:focusenergy",
    "1:rockslide",
    "1:eruption",
    "1:fissure",
    "1:flameburst",
    "12:bulldoze",
    "15:incinerate",
    "19:amnesia",
    "22:lavaplume",
    "26:earthpower",
    "29:curse",
    "31:takedown",
    "39:yawn",
    "46:earthquake",
    "egg:ancientpower",
    "egg:bodyslam",
    "egg:defensecurl",
    "egg:growth",
    "egg:heatwave",
    "egg:heavyslam",
    "egg:howl",
    "egg:ironhead",
    "egg:mudbomb",
    "egg:rollout",
    "egg:scaryface",
    "egg:spitup",
    "egg:stockpile",
    "egg:stomp",
    "egg:swallow",
    "egg:yawn",
    "tm:afteryou",
    "tm:amnesia",
    "tm:ancientpower",
    "tm:attract",
    "tm:bodypress",
    "tm:bodyslam",
    "tm:bulldoze",
    "tm:captivate",
    "tm:charm",
    "tm:confide",
    "tm:curse",
    "tm:dig",
    "tm:doubleedge",
    "tm:doubleteam",
    "tm:earthpower",
    "tm:earthquake",
    "tm:echoedvoice",
    "tm:endeavor",
    "tm:endure",
    "tm:explosion",
    "tm:facade",
    "tm:fireblast",
    "tm:firespin",
    "tm:flamecharge",
    "tm:flamethrower",
    "tm:flamewheel",
    "tm:flareblitz",
    "tm:flashcannon",
    "tm:focusenergy",
    "tm:frustration",
    "tm:gigaimpact",
    "tm:headbutt",
    "tm:heatcrash",
    "tm:heatwave",
    "tm:heavyslam",
    "tm:helpinghand",
    "tm:hiddenpower",
    "tm:highhorsepower",
    "tm:hyperbeam",
    "tm:incinerate",
    "tm:ironhead",
    "tm:lashout",
    "tm:mimic",
    "tm:mudshot",
    "tm:mudslap",
    "tm:naturalgift",
    "tm:naturepower",
    "tm:overheat",
    "tm:protect",
    "tm:raindance",
    "tm:rest",
    "tm:return",
    "tm:roar",
    "tm:rockpolish",
    "tm:rockslide",
    "tm:rocksmash",
    "tm:rocktomb",
    "tm:rollout",
    "tm:round",
    "tm:sandstorm",
    "tm:scaryface",
    "tm:scorchingsands",
    "tm:secretpower",
    "tm:selfdestruct",
    "tm:sleeptalk",
    "tm:smackdown",
    "tm:snore",
    "tm:solarbeam",
    "tm:stealthrock",
    "tm:stompingtantrum",
    "tm:stoneedge",
    "tm:strength",
    "tm:substitute",
    "tm:sunnyday",
    "tm:swagger",
    "tm:takedown",
    "tm:temperflare",
    "tm:terablast",
    "tm:toxic",
    "tm:trailblaze",
    "tm:willowisp",
    "tm:zenheadbutt",
    "tutor:afteryou",
    "tutor:ancientpower",
    "tutor:bulldoze",
    "tutor:earthpower",
    "tutor:endeavor",
    "tutor:flamethrower",
    "tutor:flashcannon",
    "tutor:focusenergy",
    "tutor:gigaimpact",
    "tutor:heatwave",
    "tutor:helpinghand",
    "tutor:highhorsepower",
    "tutor:hyperbeam",
    "tutor:ironhead",
    "tutor:lashout",
    "tutor:mudslap",
    "tutor:rest",
    "tutor:rockslide",
    "tutor:rocksmash",
    "tutor:rollout",
    "tutor:scorchingsands",
    "tutor:sleeptalk",
    "tutor:stealthrock",
    "tutor:stompingtantrum",
    "tutor:stoneedge",
    "tutor:zenheadbutt"
  ],
  "preEvolution": "numel",
  "evolutions": [
    {
      "id": "camerupt_megacamerupt",
      "variant": "level_up",
      "result": "camerupt mega_evolution=mega",
      "consumeHeldItem": false,
      "learnableMoves": [],
      "requirements": [
          {
            "variant": "level",
            "minLevel": "50"
          },
          {
            "variant": "friendship",
            "amount": 180
          },
          {
            "variant": "held_item",
            "itemCondition": "minecraft:ominous_trial_key"
          }          
       ]
    }
],
  "forms": [
    {
      "name": "Mega",
      "primaryType": "fire",
      "secondaryType": "ground",
      "maleRatio": 0.5,
      "height": 25,
      "weight": 3205,
      "pokedex": [
        "cobblemon.species.camerupt-mega.desc"
      ],
      "labels": [
        "gen6",
        "mega"
      ],
      "aspects": [
        "mega"
      ],
      "abilities": [
        "sheerforce",
        "h:sheerforce"
      ],
      "baseStats": {
        "hp": 70,
        "attack": 120,
        "defence": 100,
        "special_attack": 145,
        "special_defence": 105,
        "speed": 20
      },
      "baseExperienceYield": 196,
      "dynamaxBlocked": true,
      "evolutions": [
        {
          "id": "megacamerupt_camerupt",
          "variant": "level_up",
          "result": "camerupt mega_evolution=base",
          "consumeHeldItem": false,
          "learnableMoves": [],
          "requirements": [
		  {
            "variant": "held_item",
            "itemCondition": "minecraft:ominous_trial_key"
          }
		  ]
        }
      ],
      "battleOnly": false
    }
  ]
}
