{
  "implemented": true,
  "nationalPokedexNumber": 282,
  "name": "Gardevoir",
  "primaryType": "psychic",
  "secondaryType": "fairy",
  "maleRatio": 0.5,
  "height": 16,
  "weight": 484,
  "pokedex": [
    "cobblemon.species.gardevoir.desc"
  ],
  "labels": [
    "gen3"
  ],
  "aspects": [],
  "abilities": [
    "synchronize",
    "trace",
    "h:telepathy"
  ],
  "eggGroups": [
    "human_like",
    "amorphous"
  ],
  "baseStats": {
    "hp": 68,
    "attack": 65,
    "defence": 65,
    "special_attack": 125,
    "special_defence": 115,
    "speed": 80
  },
  "evYield": {
    "hp": 0,
    "attack": 0,
    "defence": 0,
    "special_attack": 3,
    "special_defence": 0,
    "speed": 0
  },
  "baseExperienceYield": 259,
  "experienceGroup": "slow",
  "catchRate": 45,
  "eggCycles": 20,
  "baseFriendship": 35,
  "baseScale": 0.9,
  "hitbox": {
    "width": 0.6,
    "height": 2.2,
    "fixed": false
  },
  "behaviour": {
    "resting": {
      "canSleep": true,
      "willSleepOnBed": true,
      "light": "0-4"
    },
    "moving": {
      "walk": {
        "walkSpeed": 0.15
      }
    }
  },
  "drops": {
    "amount": 6,
    "entries": [
      {
        "item": "minecraft:ender_pearl",
        "quantityRange": "0-3"
      },
      {
        "item": "cobblemon:dawn_stone",
        "percentage": 10.0
      },
      {
        "item": "cobblemon:twisted_spoon",
        "percentage": 10.0
      },
      {
        "item": "cobblemon:kasib_berry",
        "percentage": 10.0
      }
    ]
  },
  "moves": [
    "1:healingwish",
    "1:growl",
    "1:confusion",
    "1:doubleteam",
    "1:healpulse",
    "1:mistyterrain",
    "1:disarmingvoice",
    "1:dazzlinggleam",
    "1:captivate",
    "1:mysticalfire",
    "1:charm",
    "1:luckychant",
    "9:hypnosis",
    "12:drainingkiss",
    "15:teleport",
    "18:psybeam",
    "23:lifedew",
    "28:wish",
    "35:calmmind",
    "42:psychic",
    "49:moonblast",
    "56:dreameater",
    "63:futuresight",
    "egg:confuseray",
    "egg:destinybond",
    "egg:disable",
    "egg:grudge",
    "egg:knockoff",
    "egg:meanlook",
    "egg:memento",
    "egg:mysticalfire",
    "egg:shadowsneak",
    "egg:synchronoise",
    "tm:alluringvoice",
    "tm:allyswitch",
    "tm:attract",
    "tm:aurasphere",
    "tm:bodyslam",
    "tm:calmmind",
    "tm:captivate",
    "tm:chargebeam",
    "tm:charm",
    "tm:confide",
    "tm:confuseray",
    "tm:dazzlinggleam",
    "tm:defensecurl",
    "tm:disarmingvoice",
    "tm:doubleedge",
    "tm:doubleteam",
    "tm:drainingkiss",
    "tm:dreameater",
    "tm:echoedvoice",
    "tm:encore",
    "tm:endure",
    "tm:energyball",
    "tm:expandingforce",
    "tm:facade",
    "tm:firepunch",
    "tm:flash",
    "tm:fling",
    "tm:focusblast",
    "tm:frustration",
    "tm:futuresight",
    "tm:gigaimpact",
    "tm:grassknot",
    "tm:gravity",
    "tm:guardswap",
    "tm:headbutt",
    "tm:healbell",
    "tm:helpinghand",
    "tm:hiddenpower",
    "tm:hyperbeam",
    "tm:hypervoice",
    "tm:icepunch",
    "tm:icywind",
    "tm:imprison",
    "tm:knockoff",
    "tm:laserfocus",
    "tm:lightscreen",
    "tm:magicalleaf",
    "tm:magiccoat",
    "tm:magicroom",
    "tm:megakick",
    "tm:megapunch",
    "tm:metronome",
    "tm:mimic",
    "tm:mistyexplosion",
    "tm:mistyterrain",
    "tm:mudslap",
    "tm:mysticalfire",
    "tm:naturalgift",
    "tm:nightmare",
    "tm:nightshade",
    "tm:painsplit",
    "tm:powerswap",
    "tm:protect",
    "tm:psybeam",
    "tm:psychic",
    "tm:psychicnoise",
    "tm:psychicterrain",
    "tm:psychup",
    "tm:psyshock",
    "tm:raindance",
    "tm:recycle",
    "tm:reflect",
    "tm:rest",
    "tm:return",
    "tm:round",
    "tm:safeguard",
    "tm:secretpower",
    "tm:shadowball",
    "tm:shockwave",
    "tm:signalbeam",
    "tm:skillswap",
    "tm:sleeptalk",
    "tm:snatch",
    "tm:snore",
    "tm:storedpower",
    "tm:substitute",
    "tm:sunnyday",
    "tm:swagger",
    "tm:swift",
    "tm:taunt",
    "tm:telekinesis",
    "tm:terablast",
    "tm:thief",
    "tm:thunderbolt",
    "tm:thunderpunch",
    "tm:thunderwave",
    "tm:torment",
    "tm:toxic",
    "tm:trick",
    "tm:trickroom",
    "tm:tripleaxel",
    "tm:vacuumwave",
    "tm:willowisp",
    "tm:wonderroom",
    "tm:zenheadbutt",
    "tutor:allyswitch",
    "tutor:calmmind",
    "tutor:chargebeam",
    "tutor:dazzlinggleam",
    "tutor:energyball",
    "tutor:expandingforce",
    "tutor:firepunch",
    "tutor:gigaimpact",
    "tutor:gravity",
    "tutor:healbell",
    "tutor:helpinghand",
    "tutor:hyperbeam",
    "tutor:hypervoice",
    "tutor:icepunch",
    "tutor:icywind",
    "tutor:knockoff",
    "tutor:laserfocus",
    "tutor:magicalleaf",
    "tutor:magiccoat",
    "tutor:magicroom",
    "tutor:mistyexplosion",
    "tutor:mysticalfire",
    "tutor:painsplit",
    "tutor:psychic",
    "tutor:recycle",
    "tutor:rest",
    "tutor:shadowball",
    "tutor:shockwave",
    "tutor:signalbeam",
    "tutor:skillswap",
    "tutor:sleeptalk",
    "tutor:snatch",
    "tutor:swift",
    "tutor:telekinesis",
    "tutor:thunderbolt",
    "tutor:thunderpunch",
    "tutor:trick",
    "tutor:tripleaxel",
    "tutor:vacuumwave",
    "tutor:wonderroom",
    "tutor:zenheadbutt"
  ],
  "preEvolution": "kirlia",
  "evolutions": [
    {
      "id": "gardevoir_megagardevoir",
      "variant": "level_up",
      "result": "gardevoir mega_evolution=mega",
      "consumeHeldItem": false,
      "learnableMoves": [],
      "requirements": [
          {
            "variant": "level",
            "minLevel": "50"
          },
          {
            "variant": "friendship",
            "amount": 180
          },
          {
            "variant": "held_item",
            "itemCondition": "minecraft:ominous_trial_key"
          }          
       ]
    }
],
  "forms": [
    {
      "name": "Mega",
      "primaryType": "psychic",
      "secondaryType": "fairy",
      "maleRatio": 0.5,
      "height": 16,
      "weight": 484,
      "pokedex": [
        "cobblemon.species.gardevoir-mega.desc"
      ],
      "labels": [
        "gen6",
        "mega"
      ],
      "aspects": [
        "mega"
      ],
      "abilities": [
        "pixilate",
        "h:pixilate"
      ],
      "eggGroups": [
        "amorphous",
        "human_like"
      ],
      "baseStats": {
        "hp": 68,
        "attack": 85,
        "defence": 65,
        "special_attack": 165,
        "special_defence": 135,
        "speed": 100
      },
      "baseExperienceYield": 309,
      "dynamaxBlocked": true,
      "evolutions": [
        {
          "id": "megagardevoir_gardevoir",
          "variant": "level_up",
          "result": "gardevoir mega_evolution=base",
          "consumeHeldItem": false,
          "learnableMoves": [],
          "requirements": [
		  {
            "variant": "held_item",
            "itemCondition": "minecraft:ominous_trial_key"
          }
		  ]
        }
      ],
      "battleOnly": false
    }
  ]
}
