{
  "implemented": true,
  "nationalPokedexNumber": 376,
  "name": "Metagross",
  "primaryType": "steel",
  "secondaryType": "psychic",
  "maleRatio": -1,
  "height": 16,
  "weight": 5500,
  "pokedex": [
    "cobblemon.species.metagross.desc"
  ],
  "labels": [
    "gen3",
    "powerhouse"
  ],
  "aspects": [],
  "abilities": [
    "clearbody",
    "h:toughclaws"
  ],
  "eggGroups": [
    "mineral"
  ],
  "baseStats": {
    "hp": 80,
    "attack": 135,
    "defence": 130,
    "special_attack": 95,
    "special_defence": 90,
    "speed": 70
  },
  "evYield": {
    "hp": 0,
    "attack": 0,
    "defence": 3,
    "special_attack": 0,
    "special_defence": 0,
    "speed": 0
  },
  "baseExperienceYield": 300,
  "experienceGroup": "slow",
  "catchRate": 3,
  "eggCycles": 40,
  "baseFriendship": 35,
  "baseScale": 1.3,
  "hitbox": {
    "width": 1.8,
    "height": 1.6,
    "fixed": false
  },
  "behaviour": {
    "moving": {
      "walk": {
        "walkSpeed": 0.25
      },
      "fly": {
        "canFly": true
      },
      "swim": {
        "avoidsWater": true,
        "canSwimInWater": false
      }
    },
    "resting": {
      "canSleep": true,
      "light": "0-4"
    }
  },
  "drops": {
    "amount": 4,
    "entries": [
      {
        "item": "minecraft:ender_pearl",
        "quantityRange": "0-3"
      },
      {
        "item": "cobblemon:metal_coat",
        "percentage": 10.0
      }
    ]
  },
  "moves": [
    "1:metalclaw",
    "1:confusion",
    "1:pursuit",
    "1:bulletpunch",
    "1:hammerarm",
    "1:explosion",
    "1:miracleeye",
    "1:honeclaws",
    "1:tackle",
    "6:zenheadbutt",
    "12:magnetrise",
    "16:flashcannon",
    "26:takedown",
    "34:psychic",
    "42:scaryface",
    "52:meteormash",
    "62:irondefense",
    "72:agility",
    "82:hyperbeam",
    "tm:aerialace",
    "tm:agility",
    "tm:allyswitch",
    "tm:block",
    "tm:bodypress",
    "tm:bodyslam",
    "tm:brickbreak",
    "tm:brutalswing",
    "tm:bulldoze",
    "tm:confide",
    "tm:cosmicpower",
    "tm:cut",
    "tm:defensecurl",
    "tm:doubleedge",
    "tm:doubleteam",
    "tm:dynamicpunch",
    "tm:earthquake",
    "tm:endure",
    "tm:expandingforce",
    "tm:explosion",
    "tm:facade",
    "tm:flash",
    "tm:flashcannon",
    "tm:focuspunch",
    "tm:frustration",
    "tm:furycutter",
    "tm:futuresight",
    "tm:gigaimpact",
    "tm:grassknot",
    "tm:gravity",
    "tm:gyroball",
    "tm:hardpress",
    "tm:headbutt",
    "tm:heavyslam",
    "tm:hiddenpower",
    "tm:honeclaws",
    "tm:hyperbeam",
    "tm:icepunch",
    "tm:icywind",
    "tm:irondefense",
    "tm:ironhead",
    "tm:knockoff",
    "tm:laserfocus",
    "tm:lightscreen",
    "tm:magnetrise",
    "tm:metalclaw",
    "tm:meteorbeam",
    "tm:mimic",
    "tm:mudslap",
    "tm:naturalgift",
    "tm:poweruppunch",
    "tm:protect",
    "tm:psychic",
    "tm:psychicfangs",
    "tm:psychicnoise",
    "tm:psychocut",
    "tm:psychup",
    "tm:psyshock",
    "tm:raindance",
    "tm:reflect",
    "tm:rest",
    "tm:return",
    "tm:rockpolish",
    "tm:rockslide",
    "tm:rocksmash",
    "tm:rocktomb",
    "tm:rollout",
    "tm:round",
    "tm:sandstorm",
    "tm:scaryface",
    "tm:secretpower",
    "tm:selfdestruct",
    "tm:shadowball",
    "tm:shadowclaw",
    "tm:signalbeam",
    "tm:sleeptalk",
    "tm:sludgebomb",
    "tm:snore",
    "tm:stealthrock",
    "tm:steelbeam",
    "tm:steelroller",
    "tm:stompingtantrum",
    "tm:stoneedge",
    "tm:strength",
    "tm:substitute",
    "tm:sunnyday",
    "tm:swagger",
    "tm:swift",
    "tm:takedown",
    "tm:telekinesis",
    "tm:terablast",
    "tm:thunderpunch",
    "tm:toxic",
    "tm:trailblaze",
    "tm:trick",
    "tm:zenheadbutt",
    "tutor:aerialace",
    "tutor:allyswitch",
    "tutor:block",
    "tutor:bulldoze",
    "tutor:expandingforce",
    "tutor:flashcannon",
    "tutor:focuspunch",
    "tutor:furycutter",
    "tutor:gigaimpact",
    "tutor:gravity",
    "tutor:hyperbeam",
    "tutor:icepunch",
    "tutor:icywind",
    "tutor:irondefense",
    "tutor:ironhead",
    "tutor:knockoff",
    "tutor:laserfocus",
    "tutor:magnetrise",
    "tutor:meteorbeam",
    "tutor:mudslap",
    "tutor:psychic",
    "tutor:psychocut",
    "tutor:rest",
    "tutor:rockslide",
    "tutor:rocksmash",
    "tutor:rollout",
    "tutor:shadowball",
    "tutor:shadowclaw",
    "tutor:signalbeam",
    "tutor:sleeptalk",
    "tutor:sludgebomb",
    "tutor:stealthrock",
    "tutor:steelbeam",
    "tutor:steelroller",
    "tutor:stompingtantrum",
    "tutor:stoneedge",
    "tutor:swift",
    "tutor:telekinesis",
    "tutor:thunderpunch",
    "tutor:trick",
    "tutor:zenheadbutt"
  ],
  "preEvolution": "metang",
  "evolutions": [
    {
      "id": "metagross_megametagross",
      "variant": "level_up",
      "result": "metagross mega_evolution=mega",
      "consumeHeldItem": false,
      "learnableMoves": [],
      "requirements": [
          {
            "variant": "level",
            "minLevel": "70"
          },
          {
            "variant": "friendship",
            "amount": 180
          },
          {
            "variant": "held_item",
            "itemCondition": "minecraft:ominous_trial_key"
          }          
       ]
    }
],
  "forms": [
    {
      "name": "Mega",
      "primaryType": "steel",
      "secondaryType": "psychic",
      "maleRatio": -1,
      "height": 25,
      "weight": 9429,
      "pokedex": [
        "cobblemon.species.metagross-mega.desc"
      ],
      "labels": [
        "gen6",
        "mega"
      ],
      "aspects": [
        "mega"
      ],
      "abilities": [
        "toughclaws",
        "h:toughclaws"
      ],
      "baseStats": {
        "hp": 80,
        "attack": 145,
        "defence": 150,
        "special_attack": 105,
        "special_defence": 110,
        "speed": 110
      },
      "baseExperienceYield": 350,
      "dynamaxBlocked": true,
      "evolutions": [
        {
          "id": "megametagross_metagross",
          "variant": "level_up",
          "result": "metagross mega_evolution=base",
          "consumeHeldItem": false,
          "learnableMoves": [],
          "requirements": [
		  {
            "variant": "held_item",
            "itemCondition": "minecraft:ominous_trial_key"
          }
		  ]
        }
      ],
      "battleOnly": false
    }
  ]
}
