{
  "species": "cobblemon:heracross",
  "order": 2,
  "variations": [
    {
      "aspects": ["mega"],
      "model": "cobblemon:heracross_mega.geo",
      "texture": "cobblemon:textures/pokemon/0214_heracross/heracross_mega.png",
      "layers": [
        {
          "name": "emissive",
          "emissive": false,
          "texture": "cobblemon:textures/pokemon/0214_heracross/heracross_transparency_mega.png",
          "translucent": true
        }
      ]
    },
    {
      "aspects": ["mega", "shiny"],
      "model": "cobblemon:heracross_mega.geo",
      "texture": "cobblemon:textures/pokemon/0214_heracross/heracross_mega_shiny.png",
      "layers": [
        {
          "name": "emissive",
          "emissive": false,
          "texture": "cobblemon:textures/pokemon/0214_heracross/heracross_transparency_mega.png",
          "translucent": true
        }
      ]
    }
  ]
}
