{
  "implemented": true,
  "nationalPokedexNumber": 719,
  "name": "Diancie",
  "primaryType": "rock",
  "secondaryType": "fairy",
  "maleRatio": -1,
  "height": 7,
  "weight": 88,
  "pokedex": [
    "cobblemon.species.diancie.desc"
  ],
  "labels": [
    "gen6",
    "mythical"
  ],
  "aspects": [],
  "abilities": [
    "clearbody",
    "h:clearbody"
  ],
  "eggGroups": [
    "undiscovered"
  ],
  "baseStats": {
    "hp": 50,
    "attack": 100,
    "defence": 150,
    "special_attack": 100,
    "special_defence": 150,
    "speed": 50
  },
  "evYield": {
    "hp": 0,
    "attack": 0,
    "defence": 1,
    "special_attack": 0,
    "special_defence": 2,
    "speed": 0
  },
  "baseExperienceYield": 300,
  "experienceGroup": "slow",
  "catchRate": 3,
  "eggCycles": 25,
  "drops": {
    "amount": 5,
    "entries": [
      {
        "item": "cobblemon:rare_candy",
        "quantityRange": "3-6"
      },
      {
        "item": "cobblemon:hard_stone",
        "percentage": 50.0
      },
      {
        "item": "cobblemon:fairy_feather",
        "percentage": 50.0
      },
      {
        "item": "cobblemon:ability_capsule",
        "percentage": 25.0
      },
      {
        "item": "cobblemon:ability_patch",
        "percentage": 5.0
      }
    ]
  },
  "baseFriendship": 50,
  "baseScale": 1.3,
  "hitbox": {
    "width": 2,
    "height": 2,
    "fixed": false
  },
  "moves": [
    "1:tackle",
    "1:harden",
    "1:rockthrow",
    "1:sharpen",
    "1:diamondstorm",
    "7:guardsplit",
    "14:smackdown",
    "21:flail",
    "28:ancientpower",
    "35:rockpolish",
    "42:lightscreen",
    "49:rockslide",
    "56:skillswap",
    "63:powergem",
    "70:stealthrock",
    "77:moonblast",
    "84:stoneedge",
    "tm:afteryou",
    "tm:allyswitch",
    "tm:amnesia",
    "tm:ancientpower",
    "tm:batonpass",
    "tm:bodypress",
    "tm:bodyslam",
    "tm:bulldoze",
    "tm:calmmind",
    "tm:charm",
    "tm:confide",
    "tm:covet",
    "tm:dazzlinggleam",
    "tm:doubleteam",
    "tm:drainingkiss",
    "tm:earthpower",
    "tm:encore",
    "tm:endeavor",
    "tm:endure",
    "tm:explosion",
    "tm:facade",
    "tm:faketears",
    "tm:flash",
    "tm:flashcannon",
    "tm:frustration",
    "tm:gigaimpact",
    "tm:gravity",
    "tm:guardswap",
    "tm:gyroball",
    "tm:hail",
    "tm:healbell",
    "tm:helpinghand",
    "tm:hiddenpower",
    "tm:hyperbeam",
    "tm:irondefense",
    "tm:lastresort",
    "tm:lightscreen",
    "tm:magnetrise",
    "tm:meteorbeam",
    "tm:metronome",
    "tm:mistyexplosion",
    "tm:mysticalfire",
    "tm:naturepower",
    "tm:playrough",
    "tm:powergem",
    "tm:protect",
    "tm:psychic",
    "tm:psychup",
    "tm:psyshock",
    "tm:raindance",
    "tm:reflect",
    "tm:rest",
    "tm:rockpolish",
    "tm:rockslide",
    "tm:rocktomb",
    "tm:round",
    "tm:safeguard",
    "tm:sandstorm",
    "tm:sandtomb",
    "tm:scorchingsands",
    "tm:secretpower",
    "tm:skillswap",
    "tm:sleeptalk",
    "tm:smackdown",
    "tm:snore",
    "tm:snowscape",
    "tm:spikes",
    "tm:stealthrock",
    "tm:stoneedge",
    "tm:storedpower",
    "tm:substitute",
    "tm:sunnyday",
    "tm:swagger",
    "tm:swift",
    "tm:takedown",
    "tm:telekinesis",
    "tm:terablast",
    "tm:terrainpulse",
    "tm:toxic",
    "tm:trickroom",
    "tm:wonderroom",
    "tutor:afteryou",
    "tutor:allyswitch",
    "tutor:ancientpower",
    "tutor:bulldoze",
    "tutor:calmmind",
    "tutor:covet",
    "tutor:dazzlinggleam",
    "tutor:earthpower",
    "tutor:endeavor",
    "tutor:flashcannon",
    "tutor:gigaimpact",
    "tutor:gravity",
    "tutor:healbell",
    "tutor:helpinghand",
    "tutor:hyperbeam",
    "tutor:irondefense",
    "tutor:lastresort",
    "tutor:magnetrise",
    "tutor:meteorbeam",
    "tutor:mistyexplosion",
    "tutor:mysticalfire",
    "tutor:playrough",
    "tutor:psychic",
    "tutor:rest",
    "tutor:return",
    "tutor:rockslide",
    "tutor:scorchingsands",
    "tutor:skillswap",
    "tutor:sleeptalk",
    "tutor:spikes",
    "tutor:stealthrock",
    "tutor:stoneedge",
    "tutor:swift",
    "tutor:telekinesis",
    "tutor:terrainpulse",
    "tutor:trick",
    "tutor:wonderroom"
  ],
  "evolutions": [
    {
      "id": "diancie_megadiancie",
      "variant": "level_up",
      "result": "diancie mega_evolution=mega",
      "consumeHeldItem": false,
      "learnableMoves": [],
      "requirements": [
          {
            "variant": "level",
            "minLevel": "70"
          },
          {
            "variant": "friendship",
            "amount": 180
          },
          {
            "variant": "held_item",
            "itemCondition": "minecraft:ominous_trial_key"
          }          
       ]
    }
],
  "forms": [
    {
      "name": "Mega",
      "primaryType": "rock",
      "secondaryType": "fairy",
      "maleRatio": -1,
      "height": 11,
      "weight": 278,
      "pokedex": [
        "cobblemon.species.diancie-mega.desc"
      ],
      "labels": [
        "gen6",
        "mythical",
        "mega"
      ],
      "aspects": [
        "mega"
      ],
      "abilities": [
        "magicbounce",
        "h:magicbounce"
      ],
      "baseStats": {
        "hp": 50,
        "attack": 160,
        "defence": 110,
        "special_attack": 160,
        "special_defence": 110,
        "speed": 110
      },
      "baseExperienceYield": 350,
      "dynamaxBlocked": true,
      "evolutions": [
        {
          "id": "megadiancie_diancie",
          "variant": "level_up",
          "result": "diancie mega_evolution=base",
          "consumeHeldItem": false,
          "learnableMoves": [],
          "requirements": [
		  {
            "variant": "held_item",
            "itemCondition": "minecraft:ominous_trial_key"
          }
		  ]
        }
      ],
      "battleOnly": false
    }
  ]
}
