{
  "portraitScale": 1.5,
  "portraitTranslation": [-0.0, 1.85, 0],
  "profileScale": 0.6,
  "profileTranslation": [0.0, 0.95, 0],
  "animations": {
    "faint": "q.bedrock_primary('mewtwo_mega_x', 'faint', q.curve('symmetrical_wide'))",
    "physical": "q.bedrock_primary('mewtwo_mega_x', 'physical', q.curve('symmetrical_wide'))",
    "special": "q.bedrock_primary('mmewtwo_mega_x', 'special', q.curve('symmetrical_wide'))",
    "recoil": "q.bedrock_primary('mewtwo_mega_x', 'recoil', q.curve('symmetrical_wide'))"
  },
  "poses": {
    "battle-standing": {
      "poseTypes": ["STAND"],
      "isBattle": true,
      "animations": ["q.look('head')", "q.bedrock('mewtwo_mega_x', 'battle_idle')"],
      "quirks": ["q.bedrock_quirk('mewtwo_mega_x', 'blink')"]
    },
    "standing": {
      "poseTypes": ["STAND", "NONE", "PORTRAIT", "PROFILE"],
      "isBattle": false,
      "animations": ["q.look('head')", "q.bedrock('mewtwo_mega_x', 'ground_idle')"],
      "quirks": ["q.bedrock_quirk('mewtwo_mega_x', 'blink')"]
    },
    "walking": {
      "poseTypes": ["WALK"],
      "animations": ["q.look('head')", "q.bedrock('mewtwo_mega_x', 'ground_walk')"],
      "quirks": ["q.bedrock_quirk('mewtwo_mega_x', 'blink')"]
    }
  }
}
