{
  "species": "cobblemon:houndoom",
  "order": 0,
  "variations": [
    {
      "aspects": ["mega"],
      "poser": "cobblemon:houndoom_mega",
      "model": "cobblemon:houndoom_mega.geo",
      "texture": "cobblemon:textures/pokemon/0229_houndoom/houndoom_mega.png",
      "layers": []
    },
    {
      "aspects": [
        "mega",
        "shiny"
      ],
      "poser": "cobblemon:houndoom_mega",
      "model": "cobblemon:houndoom_mega.geo",
      "texture": "cobblemon:textures/pokemon/0229_houndoom/houndoom_mega_shiny.png"
    }
  ]
}
