{
  "species": "cobblemon:altaria",
  "order": 2,
  "variations": [
    {
      "aspects": ["mega"],
      "poser": "cobblemon:altaria_mega",
      "model": "cobblemon:altaria_mega.geo",
      "texture": "cobblemon:textures/pokemon/0334_altaria/altaria_mega.png",
      "layers": []
    },
    {
      "aspects": ["mega", "shiny"],
      "poser": "cobblemon:altaria_mega",
      "model": "cobblemon:altaria_mega.geo",
      "texture": "cobblemon:textures/pokemon/0334_altaria/altaria_mega_shiny.png",
      "layers": []
    }
  ]
}
