{
	"format_version": "1.8.0",
	"animations": {
		"animation.electrike.ground_idle": {
			"loop": true,
			"animation_length": 2,
			"bones": {
				"back_leg_right_1": {
					"rotation": ["37.5-math.cos(query.anim_time*90*2-0)*1+1", -10, 0],
					"position": [0, "-0.1+math.cos(query.anim_time*90*2-0)*0.03+0.03", "0-math.cos(query.anim_time*90*2-0)*0.08-0.08"]
				},
				"front_leg_right_1": {
					"rotation": ["18.5-math.cos(query.anim_time*90*2-0)*1+1", -7.5, 0],
					"position": [0, "-0.2+math.cos(query.anim_time*90*2-0)*0.03+0.03", "0+math.cos(query.anim_time*90*2-0)*0.01-0.01"]
				},
				"front_foot_right_1": {
					"rotation": ["35-math.cos(query.anim_time*90*2-0)*1+1", 0, 0]
				},
				"front_leg_right_2": {
					"rotation": ["-53+math.cos(query.anim_time*90*2-0)*2-2", 0, 0]
				},
				"back_leg_right_2": {
					"rotation": ["-40+math.cos(query.anim_time*90*2-0)*2-2", 0, 0],
					"position": [0, 0, 0.2]
				},
				"back_leg_right_3": {
					"rotation": [-27.5, 0, 0]
				},
				"back_foot_right_1": {
					"rotation": ["30-math.cos(query.anim_time*90*2-0)*1+1", 0, 0]
				},
				"back_leg_left_1": {
					"rotation": ["37.5-math.cos(query.anim_time*90*2-0)*1+1", 10, 0],
					"position": [0, "-0.1+math.cos(query.anim_time*90*2-0)*0.03+0.03", "0-math.cos(query.anim_time*90*2-0)*0.08-0.08"]
				},
				"back_leg_left_2": {
					"rotation": ["-40+math.cos(query.anim_time*90*2-0)*2-2", 0, 0],
					"position": [0, 0, 0.2]
				},
				"back_leg_left_3": {
					"rotation": [-27.5, 0, 0]
				},
				"back_foot_left_1": {
					"rotation": ["30-math.cos(query.anim_time*90*2-0)*1+1", 0, 0]
				},
				"front_leg_left_1": {
					"rotation": ["18.5-math.cos(query.anim_time*90*2-0)*1+1", 7.5, 0],
					"position": [0, "-0.2+math.cos(query.anim_time*90*2-0)*0.03+0.03", "0+math.cos(query.anim_time*90*2-0)*0.01-0.01"]
				},
				"front_leg_left_2": {
					"rotation": ["-53+math.cos(query.anim_time*90*2-0)*2-2", 0, 0]
				},
				"front_foot_left_1": {
					"rotation": ["35-math.cos(query.anim_time*90*2-0)*1+1", 0, 0]
				},
				"tail": {
					"rotation": ["-52.5-math.cos(query.anim_time*90*2*2-240)*1", "0-math.cos(query.anim_time*90*2-80)*4", 0]
				},
				"body": {
					"position": [0, "0+math.cos(query.anim_time*90*2-00)*0.09", 0]
				},
				"torso": {
					"rotation": ["0-math.cos(query.anim_time*90*2-80)*0.5", 0, 0]
				},
				"neck": {
					"rotation": ["0-math.cos(query.anim_time*90*2-120)*2", 0, 0]
				},
				"head": {
					"rotation": ["2.5+math.cos(query.anim_time*90*2-90)*2", 0, 0]
				}
			}
		},
		"animation.electrike.cry": {
			"animation_length": 0.5,
			"bones": {
				"Lowerjaw2": {
					"rotation": {
						"0.0": [0, 0, 0],
						"0.25": [40, 0, 0],
						"0.5": [0, 0, 0]
					},
					"position": {
						"0.0": [0, 0, 0],
						"0.25": [0, -2, 0],
						"0.5": [0, 0, 0]
					}
				}
			}
		},
		"animation.electrike.battle_idle": {
			"loop": true,
			"animation_length": 5.7083,
			"bones": {
				"back_leg_right_1": {
					"rotation": ["19.2024-math.cos(query.anim_time*90*3.5-0)*1+1", -4.92385, 0.87038],
					"position": [0, "-0.1+math.cos(query.anim_time*90*3.5-0)*0.03+0.03", "0-math.cos(query.anim_time*90*3.5-0)*0.08-0.08"]
				},
				"front_leg_right_1": {
					"rotation": ["30-math.cos(query.anim_time*90*3.5-0)*1+1", -15, 2.5],
					"position": [0.5, "-0.2+math.cos(query.anim_time*90*3.5-0)*0.03+0.03", "0-math.cos(query.anim_time*90*3.5-0)*0.03+0.03"]
				},
				"front_foot_right_1": {
					"rotation": ["29-math.cos(query.anim_time*90*3.5-0)*1+1", 0, 0]
				},
				"front_leg_right_2": {
					"rotation": ["-68+math.cos(query.anim_time*90*3.5-0)*2-2", 0, 0]
				},
				"back_leg_right_2": {
					"rotation": ["-27.5854+math.cos(query.anim_time*90*3.5-0)*2-2", 0, 0],
					"position": [0, 0, 0.2]
				},
				"back_leg_right_3": {
					"rotation": [-22.5, 0, 0]
				},
				"back_foot_right_1": {
					"rotation": ["22.5-math.cos(query.anim_time*90*3.5-0)*1+1", 0, 0]
				},
				"back_leg_left_1": {
					"rotation": ["19.2024-math.cos(query.anim_time*90*3.5-0)*1+1", 4.92385, -0.87038],
					"position": [0, "-0.1+math.cos(query.anim_time*90*3.5-0)*0.03+0.03", "0-math.cos(query.anim_time*90*3.5-0)*0.08-0.08"]
				},
				"back_leg_left_2": {
					"rotation": ["-27.5854+math.cos(query.anim_time*90*3.5-0)*2-2", 0, 0],
					"position": [0, 0, 0.2]
				},
				"back_leg_left_3": {
					"rotation": [-22.5, 0, 0]
				},
				"back_foot_left_1": {
					"rotation": ["22.5-math.cos(query.anim_time*90*3.5-0)*1+1", 0, 0]
				},
				"front_leg_left_1": {
					"rotation": ["30-math.cos(query.anim_time*90*3.5-0)*1+1", 15, -2.5],
					"position": [-0.5, "-0.2+math.cos(query.anim_time*90*3.5-0)*0.03+0.03", "0-math.cos(query.anim_time*90*3.5-0)*0.03+0.03"]
				},
				"front_leg_left_2": {
					"rotation": ["-68+math.cos(query.anim_time*90*3.5-0)*2-2", 0, 0]
				},
				"front_foot_left_1": {
					"rotation": ["29-math.cos(query.anim_time*90*3.5-0)*1+1", 0, 0]
				},
				"tail": {
					"rotation": ["-52.5-math.cos(query.anim_time*90*3.5*2-240)*1", "0-math.cos(query.anim_time*90*3.5-80)*4", 0]
				},
				"body": {
					"rotation": [10, 0, 0],
					"position": [0, "0+math.cos(query.anim_time*90*3.5-00)*0.09", 0]
				},
				"torso": {
					"rotation": ["0-math.cos(query.anim_time*90*3.5-80)*1", 0, 0],
					"position": [0, "0+math.cos(query.anim_time*90*3.5-45)*0.1", 0]
				},
				"neck": {
					"rotation": ["-15-math.cos(query.anim_time*90*3.5-140)*3", 0, 0]
				},
				"head": {
					"rotation": ["10+math.cos(query.anim_time*90*3.5-100)*3", 0, 0]
				},
				"Lowerjaw2": {
					"rotation": ["22.5-math.cos(query.anim_time*90*3.5-220)*2", 0, 0]
				}
			}
		},
		"animation.electrike.ground_walk": {
			"loop": true,
			"animation_length": 1,
			"bones": {
				"back_leg_right_1": {
					"rotation": {
						"0.0": {
							"post": [32.5, 0, 0],
							"lerp_mode": "catmullrom"
						},
						"0.25": {
							"post": [0, 0, 0],
							"lerp_mode": "catmullrom"
						},
						"0.5": {
							"post": [37.5, 0, 0],
							"lerp_mode": "catmullrom"
						},
						"0.75": {
							"post": [55, 0, 0],
							"lerp_mode": "catmullrom"
						},
						"1.0": {
							"post": [32.5, 0, 0],
							"lerp_mode": "catmullrom"
						}
					},
					"position": {
						"0.0": {
							"post": [0, 1.5, 0],
							"lerp_mode": "catmullrom"
						},
						"0.25": {
							"post": [0, 1.5, 0],
							"lerp_mode": "catmullrom"
						},
						"0.5": {
							"post": [0, 0, 0],
							"lerp_mode": "catmullrom"
						},
						"0.75": {
							"post": [0, -0.5, 0],
							"lerp_mode": "catmullrom"
						},
						"1.0": {
							"post": [0, 1.5, 0],
							"lerp_mode": "catmullrom"
						}
					}
				},
				"front_leg_right_1": {
					"rotation": {
						"0.0": {
							"post": [43.5, 0, 0],
							"lerp_mode": "catmullrom"
						},
						"0.25": {
							"post": [16, 0, 0],
							"lerp_mode": "catmullrom"
						},
						"0.5": {
							"post": [-19, 0, 0],
							"lerp_mode": "catmullrom"
						},
						"0.75": {
							"post": [19.75, 0, 0],
							"lerp_mode": "catmullrom"
						},
						"1.0": {
							"post": [43.5, 0, 0],
							"lerp_mode": "catmullrom"
						}
					},
					"position": {
						"0.0": {
							"post": [0, 0, 0],
							"lerp_mode": "catmullrom"
						},
						"0.25": {
							"post": [0, 1.5, 0],
							"lerp_mode": "catmullrom"
						},
						"0.5": {
							"post": [0, 1, 0],
							"lerp_mode": "catmullrom"
						},
						"1.0": {
							"post": [0, 0, 0],
							"lerp_mode": "catmullrom"
						}
					}
				},
				"front_foot_right_1": {
					"rotation": {
						"0.0": {
							"post": [5, 0, 0],
							"lerp_mode": "catmullrom"
						},
						"0.25": {
							"post": [39.17, 0, 0],
							"lerp_mode": "catmullrom"
						},
						"0.5": {
							"post": [20, 0, 0],
							"lerp_mode": "catmullrom"
						},
						"0.625": {
							"post": [35.05, 0, 0],
							"lerp_mode": "catmullrom"
						},
						"0.75": {
							"post": [25, 0, 0],
							"lerp_mode": "catmullrom"
						},
						"1.0": {
							"post": [5, 0, 0],
							"lerp_mode": "catmullrom"
						}
					}
				},
				"front_leg_right_2": {
					"rotation": {
						"0.0": {
							"post": [-45.5, 0, 0],
							"lerp_mode": "catmullrom"
						},
						"0.25": {
							"post": [-52.79427, 0, 0],
							"lerp_mode": "catmullrom"
						},
						"0.5": {
							"post": [-22.79427, 0, 0],
							"lerp_mode": "catmullrom"
						},
						"0.625": {
							"post": [-29.01, 0, 0],
							"lerp_mode": "catmullrom"
						},
						"0.75": {
							"post": [-44.15, 0, 0],
							"lerp_mode": "catmullrom"
						},
						"1.0": {
							"post": [-45.5, 0, 0],
							"lerp_mode": "catmullrom"
						}
					}
				},
				"back_leg_right_2": {
					"rotation": {
						"0.0": {
							"post": [-35, 0, 0],
							"lerp_mode": "catmullrom"
						},
						"0.25": {
							"post": [-20, 0, 0],
							"lerp_mode": "catmullrom"
						},
						"0.375": {
							"post": [-27.5, 0, 0],
							"lerp_mode": "catmullrom"
						},
						"0.5": {
							"post": [-40, 0, 0],
							"lerp_mode": "catmullrom"
						},
						"0.75": {
							"post": [-25, 0, 0],
							"lerp_mode": "catmullrom"
						},
						"1.0": {
							"post": [-35, 0, 0],
							"lerp_mode": "catmullrom"
						}
					},
					"position": {
						"0.5": {
							"pre": [0, 0, 0.2],
							"post": [0, 0, 0.2],
							"lerp_mode": "catmullrom"
						}
					}
				},
				"back_leg_right_3": {
					"rotation": {
						"0.0": {
							"post": [-37.5, 0, 0],
							"lerp_mode": "catmullrom"
						},
						"0.25": {
							"post": [-25, 0, 0],
							"lerp_mode": "catmullrom"
						},
						"0.5": {
							"post": [-27.5, 0, 0],
							"lerp_mode": "catmullrom"
						},
						"0.75": {
							"post": [-35, 0, 0],
							"lerp_mode": "catmullrom"
						},
						"1.0": {
							"post": [-37.5, 0, 0],
							"lerp_mode": "catmullrom"
						}
					}
				},
				"back_foot_right_1": {
					"rotation": {
						"0.0": {
							"post": [50, 0, 0],
							"lerp_mode": "catmullrom"
						},
						"0.25": {
							"post": [32.58301, -1.01019, -0.92361],
							"lerp_mode": "catmullrom"
						},
						"0.375": {
							"post": [39.10919, -0.56823, -0.51953],
							"lerp_mode": "catmullrom"
						},
						"0.5": {
							"post": [30, 0, 0],
							"lerp_mode": "catmullrom"
						},
						"0.75": {
							"post": [7.5, 0, 0],
							"lerp_mode": "catmullrom"
						},
						"1.0": {
							"post": [50, 0, 0],
							"lerp_mode": "catmullrom"
						}
					}
				},
				"back_leg_left_1": {
					"rotation": {
						"0.0": {
							"post": [37.5, 0, 0],
							"lerp_mode": "catmullrom"
						},
						"0.25": {
							"post": [55, 0, 0],
							"lerp_mode": "catmullrom"
						},
						"0.5": {
							"post": [32.5, 0, 0],
							"lerp_mode": "catmullrom"
						},
						"0.75": {
							"post": [0, 0, 0],
							"lerp_mode": "catmullrom"
						},
						"1.0": {
							"post": [37.5, 0, 0],
							"lerp_mode": "catmullrom"
						}
					},
					"position": {
						"0.0": {
							"post": [0, 0, 0],
							"lerp_mode": "catmullrom"
						},
						"0.25": {
							"post": [0, -0.5, 0],
							"lerp_mode": "catmullrom"
						},
						"0.5": {
							"post": [0, 1.5, 0],
							"lerp_mode": "catmullrom"
						},
						"0.75": {
							"post": [0, 1.5, 0],
							"lerp_mode": "catmullrom"
						},
						"1.0": {
							"post": [0, 0, 0],
							"lerp_mode": "catmullrom"
						}
					}
				},
				"back_leg_left_2": {
					"rotation": {
						"0.0": {
							"post": [-40, 0, 0],
							"lerp_mode": "catmullrom"
						},
						"0.25": {
							"post": [-25, 0, 0],
							"lerp_mode": "catmullrom"
						},
						"0.5": {
							"post": [-35, 0, 0],
							"lerp_mode": "catmullrom"
						},
						"0.75": {
							"post": [-20, 0, 0],
							"lerp_mode": "catmullrom"
						},
						"0.875": {
							"post": [-27.5, 0, 0],
							"lerp_mode": "catmullrom"
						},
						"1.0": {
							"post": [-40, 0, 0],
							"lerp_mode": "catmullrom"
						}
					},
					"position": {
						"0.0": {
							"post": [0, 0, 0.2],
							"lerp_mode": "catmullrom"
						},
						"1.0": {
							"post": [0, 0, 0.2],
							"lerp_mode": "catmullrom"
						}
					}
				},
				"back_leg_left_3": {
					"rotation": {
						"0.0": {
							"post": [-27.5, 0, 0],
							"lerp_mode": "catmullrom"
						},
						"0.25": {
							"post": [-35, 0, 0],
							"lerp_mode": "catmullrom"
						},
						"0.5": {
							"post": [-37.5, 0, 0],
							"lerp_mode": "catmullrom"
						},
						"0.75": {
							"post": [-25, 0, 0],
							"lerp_mode": "catmullrom"
						},
						"1.0": {
							"post": [-27.5, 0, 0],
							"lerp_mode": "catmullrom"
						}
					}
				},
				"back_foot_left_1": {
					"rotation": {
						"0.0": {
							"post": [30, 0, 0],
							"lerp_mode": "catmullrom"
						},
						"0.25": {
							"post": [7.5, 0, 0],
							"lerp_mode": "catmullrom"
						},
						"0.5": {
							"post": [50, 0, 0],
							"lerp_mode": "catmullrom"
						},
						"0.75": {
							"post": [32.58301, 1.01019, 0.92361],
							"lerp_mode": "catmullrom"
						},
						"0.875": {
							"post": [39.10919, 0.56823, 0.51953],
							"lerp_mode": "catmullrom"
						},
						"1.0": {
							"post": [30, 0, 0],
							"lerp_mode": "catmullrom"
						}
					}
				},
				"front_leg_left_1": {
					"rotation": {
						"0.0": {
							"post": [-19, 0, 0],
							"lerp_mode": "catmullrom"
						},
						"0.25": {
							"post": [19.75, 0, 0],
							"lerp_mode": "catmullrom"
						},
						"0.5": {
							"post": [43.5, 0, 0],
							"lerp_mode": "catmullrom"
						},
						"0.75": {
							"post": [16, 0, 0],
							"lerp_mode": "catmullrom"
						},
						"1.0": {
							"post": [-19, 0, 0],
							"lerp_mode": "catmullrom"
						}
					},
					"position": {
						"0.0": {
							"post": [0, 1, 0],
							"lerp_mode": "catmullrom"
						},
						"0.5": {
							"post": [0, 0, 0],
							"lerp_mode": "catmullrom"
						},
						"0.75": {
							"post": [0, 1.5, 0],
							"lerp_mode": "catmullrom"
						},
						"1.0": {
							"post": [0, 1, 0],
							"lerp_mode": "catmullrom"
						}
					}
				},
				"front_leg_left_2": {
					"rotation": {
						"0.0": {
							"post": [-22.79427, 0, 0],
							"lerp_mode": "catmullrom"
						},
						"0.125": {
							"post": [-29.01, 0, 0],
							"lerp_mode": "catmullrom"
						},
						"0.25": {
							"post": [-44.15, 0, 0],
							"lerp_mode": "catmullrom"
						},
						"0.5": {
							"post": [-45.5, 0, 0],
							"lerp_mode": "catmullrom"
						},
						"0.75": {
							"post": [-52.79427, 0, 0],
							"lerp_mode": "catmullrom"
						},
						"1.0": {
							"post": [-22.79427, 0, 0],
							"lerp_mode": "catmullrom"
						}
					}
				},
				"front_foot_left_1": {
					"rotation": {
						"0.0": {
							"post": [20, 0, 0],
							"lerp_mode": "catmullrom"
						},
						"0.125": {
							"post": [35.05, 0, 0],
							"lerp_mode": "catmullrom"
						},
						"0.25": {
							"post": [25, 0, 0],
							"lerp_mode": "catmullrom"
						},
						"0.5": {
							"post": [5, 0, 0],
							"lerp_mode": "catmullrom"
						},
						"0.75": {
							"post": [39.17, 0, 0],
							"lerp_mode": "catmullrom"
						},
						"1.0": {
							"post": [20, 0, 0],
							"lerp_mode": "catmullrom"
						}
					}
				},
				"tail": {
					"rotation": ["-52.5-math.cos(query.anim_time*90*4*2-280)*2", "0-math.cos(query.anim_time*90*4-80)*1", 0]
				},
				"torso": {
					"rotation": [
						"0-math.cos(query.anim_time*90*4*2-80)*0.5",
						"0+math.sin(query.anim_time*90*4-120)*0.5",
						"0-math.sin(query.anim_time*90*4-120)*1"
					],
					"position": [0, "0-math.cos(query.anim_time*90*4*2-80)*0.3", 0]
				},
				"neck": {
					"rotation": ["0-math.cos(query.anim_time*90*4*2-120)*3", 0, 0]
				},
				"head": {
					"rotation": ["2.5+math.cos(query.anim_time*90*4*2-90)*3", 0, 0]
				}
			}
		},
		"animation.manectric.walktest": {
			"loop": true,
			"bones": {
				"body": {
					"position": [0, 0, "0-query.anim_time*14"]
				}
			}
		}
	}
}