{
  "portraitScale": 1.41,
  "portraitTranslation": [-0.56, 1.1, 0],
  "profileScale": 0.56,
  "profileTranslation": [0, 0.85, 0],
  "poses": {
    "battle-standing": {
      "poseTypes": ["STAND"],
      "isBattle": true,
      "animations": ["q.bedrock('manectric_mega', 'battle_idle')"]
    },
    "standing": {
      "poseTypes": ["STAND", "FLOAT", "PORTRAIT", "PROFILE", "NONE"],
      "isBattle": false,
      "animations": ["q.bedrock('manectric_mega', 'ground_idle')"]
    },
    "walking": {
      "poseTypes": ["WALK", "SWIM"],
      "animations": ["q.bedrock('manectric_mega', 'ground_walk')"]
    }
  }
}
