{
  "species": "cobblemon:absol",
  "order": 1,
  "variations": [
    {
      "aspects": ["mega"],
      "poser": "cobblemon:absol_mega",
      "model": "cobblemon:absol_mega.geo",
      "texture": "cobblemon:textures/pokemon/0359_absol/absol_mega.png",
      "layers": []
    },
    {
      "aspects": ["mega", "shiny"],
      "poser": "cobblemon:absol_mega",
      "model": "cobblemon:absol_mega.geo",
      "texture": "cobblemon:textures/pokemon/0359_absol/absol_mega_shiny.png",
      "layers": []
    }
  ]
}
