{
	"format_version": "1.8.0",
	"animations": {
		"animation.beedrill_mega.air_idle": {
			"loop": true,
			"bones": {
				"body": {
					"rotation": ["math.sin(q.anim_time*90*2)*2+22.5", 0, 0],
					"position": [
						"math.clamp(math.sin(q.anim_time*90*4)*0.6,-0.5,0)+math.clamp(math.sin(q.anim_time*90*4)*0.6,0,0.5)",
						"16+(math.clamp(math.sin(q.anim_time*90*4)*2,-1.5,0)+math.clamp(math.sin(q.anim_time*90*4)*2,0,1.5)+math.sin(q.anim_time*90*4)*10)*0.1",
						"math.sin(q.anim_time*90*2)*1"
					]
				},
				"antenna_right": {
					"rotation": ["math.sin(q.anim_time*90*2)*5+5", 0, 0]
				},
				"antenna_right2": {
					"rotation": ["math.sin(q.anim_time*90*2+45)*5+5", 0, 0]
				},
				"antenna_left": {
					"rotation": ["math.sin(q.anim_time*90*2)*5+5", 0, 0]
				},
				"antenna_left2": {
					"rotation": ["math.sin(q.anim_time*90*2+45)*5+5", 0, 0]
				},
				"wing_right": {
					"rotation": [1.16524, "44.9746-30*(math.sin(q.anim_time*90*4*6)*1+1)", 2.75806],
					"position": [0, -2, 0]
				},
				"wing_right2": {
					"rotation": [-4.46412, "-4*(math.sin(q.anim_time*90*4*6-22.5)*1)+4.1116", -22.916],
					"position": [0.62423, 1.33506, -0.27918],
					"scale": [0.7, 0.7, 1]
				},
				"wing_left": {
					"rotation": [1.16524, "-44.9746+30*(math.sin(q.anim_time*90*4*6)*1+1)", -2.75806],
					"position": [0, -2, 0]
				},
				"wing_left2": {
					"rotation": [-4.46411, "4*(math.sin(q.anim_time*90*4*6-22.5)*1)-4.1116", 22.916],
					"position": [-0.62423, 1.33506, -0.27918],
					"scale": [0.7, 0.7, 1]
				},
				"abdomen": {
					"rotation": [-22.5, 0, 0],
					"position": [0, 0.09567, -0.23097]
				},
				"arm_right": {
					"rotation": [1.73779, 29.1138, "4.4049+math.sin(q.anim_time*90*4)*2+math.clamp(math.sin(q.anim_time*90*4)*1,0,5)"]
				},
				"arm_left": {
					"rotation": [1.73779, -29.1138, "-4.4049+math.sin(q.anim_time*90*4)*2+math.clamp(math.sin(q.anim_time*90*4)*1,0,5)"]
				},
				"leg_right": {
					"rotation": ["math.sin(q.anim_time*90*2-45)*5+60.8642", -21.42763, -0.86754]
				},
				"leg_right2": {
					"rotation": [-36.51761, -28.75977, -2.13383]
				},
				"leg_left": {
					"rotation": ["math.sin(q.anim_time*90*2-45)*5+60.8642", 21.42763, 0.86754]
				},
				"leg_left2": {
					"rotation": [-36.51761, 28.75977, 2.13383]
				},
				"head_AI": {
					"rotation": [-22.5, 0, 0]
				},
				"head": {
					"rotation": [7.5, 0, 0]
				},
				"arm_right2": {
					"rotation": [54.65799, -52.32353, -71.58934]
				},
				"arm_left2": {
					"rotation": [54.65799, 52.32353, 71.58934]
				},
				"foot_right": {
					"rotation": ["-math.sin(q.anim_time*90*2-45)*5", 0, 0]
				},
				"foot_left": {
					"rotation": ["-math.sin(q.anim_time*90*2-45)*5", 0, 0]
				},
				"beedrill": {
					"position": [0, -12.9, 0]
				}
			}
		},
		"animation.beedrill_mega.battle_idle": {
			"loop": true,
			"animation_length": 12,
			"bones": {
				"body": {
					"rotation": {
						"0.0": ["math.sin(q.anim_time*90*2)*2+22.5", 0, 0],
						"10.0": ["math.sin(q.anim_time*90*2)*2+22.5", 0, 0]
					},
					"position": {
						"0.0": [
							"math.clamp(math.sin(q.anim_time*90*4)*0.6,-0.5,0)+math.clamp(math.sin(q.anim_time*90*4)*0.6,0,0.5)",
							"16+(math.clamp(math.sin(q.anim_time*90*4)*2,-1.5,0)+math.clamp(math.sin(q.anim_time*90*4)*2,0,1.5)+math.sin(q.anim_time*90*4)*10)*0.1",
							"math.sin(q.anim_time*90*2)*1"
						],
						"10.0": [
							"math.clamp(math.sin(q.anim_time*90*4)*0.6,-0.5,0)+math.clamp(math.sin(q.anim_time*90*4)*0.6,0,0.5)",
							"16+(math.clamp(math.sin(q.anim_time*90*4)*2,-1.5,0)+math.clamp(math.sin(q.anim_time*90*4)*2,0,1.5)+math.sin(q.anim_time*90*4)*10)*0.1",
							"math.sin(q.anim_time*90*2)*1"
						],
						"10.0833": [
							"-4+math.clamp(math.sin(q.anim_time*90*4)*0.6,-0.5,0)+math.clamp(math.sin(q.anim_time*90*4)*0.6,0,0.5)",
							"16+(math.clamp(math.sin(q.anim_time*90*4)*2,-1.5,0)+math.clamp(math.sin(q.anim_time*90*4)*2,0,1.5)+math.sin(q.anim_time*90*4)*10)*0.1",
							"math.sin(q.anim_time*90*2)*1"
						],
						"10.25": [
							"-4+math.clamp(math.sin(q.anim_time*90*4)*0.6,-0.5,0)+math.clamp(math.sin(q.anim_time*90*4)*0.6,0,0.5)",
							"16+(math.clamp(math.sin(q.anim_time*90*4)*2,-1.5,0)+math.clamp(math.sin(q.anim_time*90*4)*2,0,1.5)+math.sin(q.anim_time*90*4)*10)*0.1",
							"math.sin(q.anim_time*90*2)*1"
						],
						"10.3333": [
							"math.clamp(math.sin(q.anim_time*90*4)*0.6,-0.5,0)+math.clamp(math.sin(q.anim_time*90*4)*0.6,0,0.5)",
							"16+(math.clamp(math.sin(q.anim_time*90*4)*2,-1.5,0)+math.clamp(math.sin(q.anim_time*90*4)*2,0,1.5)+math.sin(q.anim_time*90*4)*10)*0.1",
							"math.sin(q.anim_time*90*2)*1"
						],
						"10.4167": [
							"3+math.clamp(math.sin(q.anim_time*90*4)*0.6,-0.5,0)+math.clamp(math.sin(q.anim_time*90*4)*0.6,0,0.5)",
							"16+(math.clamp(math.sin(q.anim_time*90*4)*2,-1.5,0)+math.clamp(math.sin(q.anim_time*90*4)*2,0,1.5)+math.sin(q.anim_time*90*4)*10)*0.1",
							"math.sin(q.anim_time*90*2)*1"
						],
						"10.5833": [
							"3+math.clamp(math.sin(q.anim_time*90*4)*0.6,-0.5,0)+math.clamp(math.sin(q.anim_time*90*4)*0.6,0,0.5)",
							"16+(math.clamp(math.sin(q.anim_time*90*4)*2,-1.5,0)+math.clamp(math.sin(q.anim_time*90*4)*2,0,1.5)+math.sin(q.anim_time*90*4)*10)*0.1",
							"math.sin(q.anim_time*90*2)*1"
						],
						"10.8333": [
							"math.clamp(math.sin(q.anim_time*90*4)*0.6,-0.5,0)+math.clamp(math.sin(q.anim_time*90*4)*0.6,0,0.5)",
							"16+(math.clamp(math.sin(q.anim_time*90*4)*2,-1.5,0)+math.clamp(math.sin(q.anim_time*90*4)*2,0,1.5)+math.sin(q.anim_time*90*4)*10)*0.1",
							"math.sin(q.anim_time*90*2)*1"
						]
					}
				},
				"antenna_right": {
					"rotation": {
						"0.0": ["math.sin(q.anim_time*90*2)*5+5", 0, 0],
						"10.0": ["math.sin(q.anim_time*90*2)*5+5", 0, 0],
						"10.0417": ["math.sin(q.anim_time*90*2)*5+6.256", -7.97249, 9.71738],
						"10.0833": ["math.sin(q.anim_time*90*2)*5+6.256", -7.97249, 9.71738],
						"10.1667": ["math.sin(q.anim_time*90*2)*5+5", 0, 0],
						"10.25": ["math.sin(q.anim_time*90*2)*5+5", 0, 0],
						"10.2917": ["math.sin(q.anim_time*90*2)*5+2.2333", 7.84732, -10.09927],
						"10.375": ["math.sin(q.anim_time*90*2)*5+2.2333", 7.84732, -10.09927],
						"10.4167": ["math.sin(q.anim_time*90*2)*5+5", 0, 0]
					}
				},
				"antenna_right2": {
					"rotation": {
						"0.0": ["math.sin(q.anim_time*90*2+45)*5-20.9344", 5.20803, 6.51153],
						"10.0": ["math.sin(q.anim_time*90*2+45)*5-20.9344", 5.20803, 6.51153]
					}
				},
				"antenna_left": {
					"rotation": {
						"0.0": ["math.sin(q.anim_time*90*2)*5+5", 0, 0],
						"10.0": ["math.sin(q.anim_time*90*2)*5+5", 0, 0],
						"10.0417": ["math.sin(q.anim_time*90*2)*5+0.7741", -10.53574, 14.61634],
						"10.0833": ["math.sin(q.anim_time*90*2)*5+0.7741", -10.53574, 14.61634],
						"10.1667": ["math.sin(q.anim_time*90*2)*5+5", 0, 0],
						"10.25": ["math.sin(q.anim_time*90*2)*5+5", 0, 0],
						"10.2917": ["math.sin(q.anim_time*90*2)*5+6.2352", 16.47388, -18.89901],
						"10.375": ["math.sin(q.anim_time*90*2)*5+6.2352", 16.47388, -18.89901],
						"10.4167": ["math.sin(q.anim_time*90*2)*5+5", 0, 0]
					}
				},
				"antenna_left2": {
					"rotation": {
						"0.0": ["math.sin(q.anim_time*90*2+45)*5-20.9344", -5.20803, -6.51153],
						"10.0": ["math.sin(q.anim_time*90*2+45)*5-20.9344", -5.20803, -6.51153]
					}
				},
				"wing_right": {
					"rotation": {
						"0.0": [1.16524, "44.9746-30*(math.sin(q.anim_time*90*4*6)*1+1)", 2.75806],
						"10.0": [1.16524, "44.9746-30*(math.sin(q.anim_time*90*4*6)*1+1)", 2.75806]
					},
					"position": {
						"0.0": [0, -2, 0],
						"10.0": [0, -2, 0]
					}
				},
				"wing_right2": {
					"rotation": {
						"0.0": [-4.46412, "-4*(math.sin(q.anim_time*90*4*6-22.5)*1)+4.1116", -22.916],
						"10.0": [-4.46412, "-4*(math.sin(q.anim_time*90*4*6-22.5)*1)+4.1116", -22.916]
					},
					"position": {
						"0.0": [0.62423, 1.33506, -0.27918],
						"10.0": [0.62423, 1.33506, -0.27918]
					},
					"scale": {
						"0.0": [0.7, 0.7, 1],
						"10.0": [0.7, 0.7, 1]
					}
				},
				"wing_left": {
					"rotation": {
						"0.0": [1.16524, "-44.9746+30*(math.sin(q.anim_time*90*4*6)*1+1)", -2.75806],
						"10.0": [1.16524, "-44.9746+30*(math.sin(q.anim_time*90*4*6)*1+1)", -2.75806]
					},
					"position": {
						"0.0": [0, -2, 0],
						"10.0": [0, -2, 0]
					}
				},
				"wing_left2": {
					"rotation": {
						"0.0": [-3.99161, "4*(math.sin(q.anim_time*90*4*6-22.5)*1)-4.2959", -699.62157],
						"10.0": [-3.99161, "4*(math.sin(q.anim_time*90*4*6-22.5)*1)-4.2959", -699.62157]
					},
					"position": {
						"0.0": [-0.62423, 1.33506, -0.27918],
						"10.0": [-0.62423, 1.33506, -0.27918]
					},
					"scale": {
						"0.0": [0.7, 0.7, 1],
						"10.0": [0.7, 0.7, 1]
					}
				},
				"abdomen": {
					"rotation": {
						"0.0": [-27.5, 0, 0],
						"10.0": [-27.5, 0, 0],
						"10.0833": [-27.32336, -2.92551, -6.9089],
						"10.1667": [-27.5, 0, 0],
						"10.25": [-27.5, 0, 0],
						"10.375": [-27.31476, 3.10284, 6.8314],
						"10.4583": [-27.5, 0, 0],
						"10.5833": [-27.5, 0, 0],
						"10.75": [-27.41805, -2.0592, -4.55726],
						"10.8333": [-27.5, 0, 0]
					},
					"position": {
						"0.0": [0, 0.09567, -0.23097],
						"10.0": [0, 0.09567, -0.23097],
						"10.3333": [0, 0.1, -0.23]
					}
				},
				"arm_right": {
					"rotation": {
						"0.0": [24.32984, 2.92063, "31.0629+math.sin(q.anim_time*90*4)*2+math.clamp(math.sin(q.anim_time*90*4)*1,0,5)"],
						"10.0": [24.32984, 2.92063, "31.0629+math.sin(q.anim_time*90*4)*2+math.clamp(math.sin(q.anim_time*90*4)*1,0,5)"]
					}
				},
				"arm_left": {
					"rotation": {
						"0.0": [24.32984, -2.92063, "-31.0629+math.sin(q.anim_time*90*4)*2+math.clamp(math.sin(q.anim_time*90*4)*1,0,5)"],
						"10.0": [24.32984, -2.92063, "-31.0629+math.sin(q.anim_time*90*4)*2+math.clamp(math.sin(q.anim_time*90*4)*1,0,5)"]
					},
					"position": [0, 0, 0]
				},
				"leg_right": {
					"rotation": {
						"0.0": ["math.sin(q.anim_time*90*2-45)*5+72.9403", -34.77945, 11.04293],
						"10.0": ["math.sin(q.anim_time*90*2-45)*5+72.9403", -34.77945, 11.04293]
					}
				},
				"leg_right2": {
					"rotation": {
						"0.0": [-40.29213, -21.42281, 44.83657],
						"10.0": [-40.29213, -21.42281, 44.83657],
						"10.0417": [-42.52888, -27.05232, 50.27517],
						"10.1667": [-40.29213, -21.42281, 44.83657],
						"10.25": [-40.29213, -21.42281, 44.83657],
						"10.375": [-38.69136, -15.63103, 39.80809],
						"10.4583": [-40.29213, -21.42281, 44.83657],
						"10.5833": [-40.29213, -21.42281, 44.83657],
						"10.75": [-42.52888, -27.05232, 50.27517],
						"10.8333": [-40.29213, -21.42281, 44.83657]
					}
				},
				"leg_left": {
					"rotation": {
						"0.0": ["math.sin(q.anim_time*90*2-45)*5+72.9403", 34.77945, -11.04293],
						"10.0": ["math.sin(q.anim_time*90*2-45)*5+72.9403", 34.77945, -11.04293]
					},
					"position": [0, 0, 0]
				},
				"leg_left2": {
					"rotation": {
						"0.0": [-40.29213, 21.42281, -44.83657],
						"10.0": [-40.29213, 21.42281, -44.83657],
						"10.0417": [-38.69136, 15.63103, -39.80809],
						"10.1667": [-40.29213, 21.42281, -44.83657],
						"10.25": [-40.29213, 21.42281, -44.83657],
						"10.375": [-42.52888, 27.05232, -50.27517],
						"10.4583": [-40.29213, 21.42281, -44.83657],
						"10.5833": [-40.29213, 21.42281, -44.83657],
						"10.75": [-38.69136, 15.63103, -39.80809],
						"10.8333": [-40.29213, 21.42281, -44.83657]
					}
				},
				"head_AI": {
					"rotation": {
						"0.0": [-22.5, 0, 0],
						"10.0": [-22.5, 0, 0]
					}
				},
				"head": {
					"rotation": {
						"0.0": [12.5, 0, 0],
						"10.0": [12.5, 0, 0]
					}
				},
				"arm_right2": {
					"rotation": {
						"0.0": [-59.15436, -69.43395, 27.95596],
						"10.0": [-59.15436, -69.43395, 27.95596]
					}
				},
				"arm_left2": {
					"rotation": {
						"0.0": [-59.15436, 69.43395, -27.95596],
						"10.0": [-59.15436, 69.43395, -27.95596]
					}
				},
				"foot_right": {
					"rotation": ["-math.sin(q.anim_time*90*2-45)*5", 0, 0]
				},
				"foot_left": {
					"rotation": ["-math.sin(q.anim_time*90*2-45)*5", 0, 0]
				},
				"beedrill": {
					"position": [0, -12.9, 0]
				},
				"torso": {
					"rotation": [0, 0, 0]
				},
				"arm_stinger_right": {
					"rotation": {
						"0.0": [0, 0, 0],
						"10.0": [0, 0, 0],
						"10.0833": [0, -7.5, 0],
						"10.1667": [0, 0, 0],
						"10.25": [0, 0, 0],
						"10.375": [0, 7.5, 0],
						"10.4583": [0, 0, 0],
						"10.5833": [0, 0, 0],
						"10.75": [0, -7.5, 0],
						"10.8333": [0, 0, 0]
					}
				},
				"arm_stinger_left": {
					"rotation": {
						"0.0": [0, 0, 0],
						"10.0": [0, 0, 0],
						"10.0833": [0, -7.5, 0],
						"10.1667": [0, 0, 0],
						"10.25": [0, 0, 0],
						"10.375": [0, 7.5, 0],
						"10.4583": [0, 0, 0],
						"10.5833": [0, 0, 0],
						"10.75": [0, -7.5, 0],
						"10.8333": [0, 0, 0]
					}
				}
			}
		},
		"animation.beedrill_mega.attack": {
			"loop": "hold_on_last_frame",
			"animation_length": 2.5,
			"bones": {
				"body": {
					"rotation": {
						"0.0": ["math.sin(q.anim_time*90*2)*2+22.5", 0, 0],
						"1.0833": [-5.87, 0, 0],
						"1.125": [1.875, 0, 0],
						"1.3333": [-27.5, 0, 0],
						"1.375": [-24.99989, -0.37357, -0.03268],
						"1.4167": [-27.49957, -0.74715, -0.06537],
						"1.5": [-27.49981, 0.4981, 0.04358],
						"1.875": {
							"pre": [-10, 0, 0],
							"post": [-10, 0, 0],
							"lerp_mode": "catmullrom"
						},
						"2.5": ["math.sin(q.anim_time*90*2)*2+22.5", 0, 0]
					},
					"position": {
						"0.0": [
							"math.clamp(math.sin(q.anim_time*90*4)*0.6,-0.5,0)+math.clamp(math.sin(q.anim_time*90*4)*0.6,0,0.5)",
							"16+(math.clamp(math.sin(q.anim_time*90*4)*2,-1.5,0)+math.clamp(math.sin(q.anim_time*90*4)*2,0,1.5)+math.sin(q.anim_time*90*4)*10)*0.1",
							"math.sin(q.anim_time*90*2)*1"
						],
						"0.4583": {
							"pre": [0, 14.98, 13.83],
							"post": [0, 14.98, 13.83],
							"lerp_mode": "catmullrom"
						},
						"0.7083": {
							"post": [0, 13.1, 17.12],
							"lerp_mode": "catmullrom"
						},
						"1.125": [0, 14.70248, 18.61186],
						"1.2917": [0, 4, -9],
						"1.3333": [0.25, 4.14, -9.68],
						"1.375": [-0.26, 4.05776, -7.4745],
						"1.4583": [0, 4.6443, -8.92959],
						"1.5417": [0, 4.64, -7.84],
						"1.875": {
							"pre": [0, 4.6443, -7.92959],
							"post": [0, 4.6443, -7.92959],
							"lerp_mode": "catmullrom"
						},
						"2.5": [
							"math.clamp(math.sin(q.anim_time*90*4)*0.6,-0.5,0)+math.clamp(math.sin(q.anim_time*90*4)*0.6,0,0.5)",
							"16+(math.clamp(math.sin(q.anim_time*90*4)*2,-1.5,0)+math.clamp(math.sin(q.anim_time*90*4)*2,0,1.5)+math.sin(q.anim_time*90*4)*10)*0.1",
							"math.sin(q.anim_time*90*2)*1"
						]
					}
				},
				"antenna_right": {
					"rotation": {
						"0.0": ["math.sin(q.anim_time*90*2)*5+5", 0, 0],
						"0.75": [-25.61959, -1.05198, -0.75663],
						"1.3333": ["math.sin(q.anim_time*90*2)*5-2.3867", -1.87014, -1.34508],
						"1.4167": [17.31614, 1.80183, 2.06654],
						"1.5": ["math.sin(q.anim_time*90*2)*5+9.9874", 1.09039, 1.15458],
						"2.5": ["math.sin(q.anim_time*90*2)*5+5", 0, 0]
					}
				},
				"antenna_right2": {
					"rotation": {
						"0.0": ["math.sin(q.anim_time*90*2+45)*5-20.9344", 5.20803, 6.51153],
						"0.75": ["math.sin(q.anim_time*90*2+45)*5+11.5656", 5.20803, 6.51153],
						"2.5": ["math.sin(q.anim_time*90*2+45)*5-20.9344", 5.20803, 6.51153]
					}
				},
				"antenna_left": {
					"rotation": {
						"0.0": ["math.sin(q.anim_time*90*2)*5+5", 0, 0],
						"0.75": [-25.61959, 1.05198, 0.75663],
						"1.3333": ["math.sin(q.anim_time*90*2)*5+20.055", -3.14865, -3.40283],
						"1.4167": [8.58936, 0.11614, -0.2374],
						"1.5": ["math.sin(q.anim_time*90*2)*5+5.0091", 0.03317, -0.12794],
						"2.5": ["math.sin(q.anim_time*90*2)*5+5", 0, 0]
					},
					"position": {
						"0.0": [0, 0, 0],
						"1.3333": [0, 0, 0],
						"2.5": [0, 0, 0]
					}
				},
				"antenna_left2": {
					"rotation": {
						"0.0": ["math.sin(q.anim_time*90*2+45)*5-20.9344", -5.20803, -6.51153],
						"0.75": ["math.sin(q.anim_time*90*2+45)*5+11.5656", -5.20803, -6.51153],
						"2.5": ["math.sin(q.anim_time*90*2+45)*5-20.9344", -5.20803, -6.51153]
					}
				},
				"wing_right": {
					"rotation": {
						"0.0": [1.16524, "44.9746-30*(math.sin(q.anim_time*90*4*6)*1+1)", 2.75806],
						"2.5": [1.16524, "44.9746-30*(math.sin(q.anim_time*90*4*6)*1+1)", 2.75806]
					},
					"position": {
						"0.0": [0, -2, 0],
						"2.5": [0, -2, 0]
					}
				},
				"wing_right2": {
					"rotation": {
						"0.0": [-4.46412, "-4*(math.sin(q.anim_time*200*4*6-22.5)*1)+4.1116", -22.916],
						"1.4583": [0, "-4*(math.sin(q.anim_time*200*4*6-22.5)*1)+5", 0],
						"1.875": [0, "-4*(math.sin(q.anim_time*90*4*6-22.5)*1)+5", 0],
						"2.5": [-4.46412, "-4*(math.sin(q.anim_time*200*4*6-22.5)*1)+4.1116", -22.916]
					},
					"position": {
						"0.0": [0.62423, 1.33506, -0.27918],
						"2.5": [0.62423, 1.33506, -0.27918]
					},
					"scale": {
						"0.0": [0.7, 0.7, 1],
						"2.5": [0.7, 0.7, 1]
					}
				},
				"wing_left": {
					"rotation": {
						"0.0": [1.16524, "-44.9746+30*(math.sin(q.anim_time*90*4*6)*1+1)", -2.75806],
						"2.5": [1.16524, "-44.9746+30*(math.sin(q.anim_time*90*4*6)*1+1)", -2.75806]
					},
					"position": {
						"0.0": [0, -2, 0],
						"2.5": [0, -2, 0]
					}
				},
				"wing_left2": {
					"rotation": {
						"0.0": [-4.46412, "4*(math.sin(q.anim_time*200*4*6-22.5)*1)-4.1116", 22.916],
						"1.4583": [0, "4*(math.sin(q.anim_time*200*4*6-22.5)*1)-5", 0],
						"1.875": [0, "4*(math.sin(q.anim_time*90*4*6-22.5)*1)-5", 0],
						"2.5": [-4.46412, "4*(math.sin(q.anim_time*200*4*6-22.5)*1)-4.1116", 22.916]
					},
					"position": {
						"0.0": [-0.62423, 1.33506, -0.27918],
						"2.5": [-0.62423, 1.33506, -0.27918]
					},
					"scale": {
						"0.0": [0.7, 0.7, 1],
						"2.5": [0.7, 0.7, 1]
					}
				},
				"abdomen": {
					"rotation": {
						"0.0": [-27.5, 0, 0],
						"1.125": [-15, 0, 0],
						"1.2083": [-32.5, 0, 0],
						"1.3333": [-30, 0, 0],
						"1.375": [-35, 0, 0],
						"1.4583": [-32.5, 0, 0],
						"2.5": [-27.5, 0, 0]
					},
					"position": {
						"0.0": [0, 0.09567, -0.23097],
						"2.5": [0, 0.09567, -0.23097]
					}
				},
				"arm_right": {
					"rotation": {
						"0.0": [24.32984, 2.92063, 31.0629],
						"1.125": [18.96391, 18.39344, -9.3832],
						"1.25": [18.96391, 18.39344, -9.3832],
						"1.375": [17.98612, -2.9751, -9.3832],
						"1.4583": [18.97466, 18.48093, -11.28297],
						"1.5417": [19.26636, 20.83634, -10.41596],
						"2.1667": [18.96391, 18.39344, 9.3832],
						"2.5": [24.32984, 2.92063, 31.0629]
					}
				},
				"arm_left": {
					"rotation": {
						"0.0": [24.32984, -2.92063, -31.0629],
						"0.625": [18.96391, -18.39344, 9.3832],
						"1.125": [18.96391, -18.39344, 9.3832],
						"1.25": [18.96391, -18.39344, 9.3832],
						"1.375": [17.98612, 2.9751, 9.3832],
						"1.4583": [18.97466, -18.48093, 7.41926],
						"1.5417": [19.26636, -20.83634, 6.55225],
						"2.1667": [18.96391, -18.39344, 9.3832],
						"2.5": [24.32984, -2.92063, -31.0629]
					}
				},
				"leg_right": {
					"rotation": {
						"0.0": ["math.sin(q.anim_time*90*2-45)*5+72.9403", -34.77945, 11.04293],
						"0.5": ["math.sin(q.anim_time*90*2-45)*5+82.9944", -73.43765, 11.95798],
						"1.125": ["math.sin(q.anim_time*90*2-45)*5+105.2583", -66.75038, -9.04106],
						"1.2917": [74.42655, -74.7462, 24.84868],
						"2.1667": ["math.sin(q.anim_time*90*2-45)*5+82.9944", -73.43765, 11.95798],
						"2.5": ["math.sin(q.anim_time*90*2-45)*5+72.9403", -34.77945, 11.04293]
					},
					"position": {
						"0.0": [0, 0, 0],
						"0.5": [0, -0.60805, 1.37123],
						"2.1667": [0, -0.60805, 1.37123],
						"2.5": [0, 0, 0]
					}
				},
				"leg_right2": {
					"rotation": {
						"0.0": [-40.29213, -21.42281, 44.83657],
						"0.5": [-51.83211, -37.74163, -7.21348],
						"2.1667": [-54.93772, -31.71641, -1.77243],
						"2.5": [-40.29213, -21.42281, 44.83657]
					},
					"position": {
						"0.0": [0, 0, 0],
						"0.5": [0.44248, 0.90788, 0.20607],
						"2.1667": [0.44248, 0.90788, 0.20607],
						"2.5": [0, 0, 0]
					}
				},
				"leg_left": {
					"rotation": {
						"0.0": ["math.sin(q.anim_time*90*2-45)*5+72.9403", 34.77945, -11.04293],
						"0.5": ["math.sin(q.anim_time*90*2-45)*5+82.9944", 73.43765, -11.95798],
						"1.125": ["math.sin(q.anim_time*90*2-45)*5+105.2583", 66.75038, 9.04106],
						"1.2917": [74.42655, 74.7462, -24.84868],
						"2.1667": ["math.sin(q.anim_time*90*2-45)*5+82.9944", 73.43765, -11.95798],
						"2.5": ["math.sin(q.anim_time*90*2-45)*5+72.9403", 34.77945, -11.04293]
					},
					"position": {
						"0.0": [0, 0, 0],
						"0.5": [0, -0.60805, 1.37123],
						"2.1667": [0, -0.60805, 1.37123],
						"2.5": [0, 0, 0]
					}
				},
				"leg_left2": {
					"rotation": {
						"0.0": [-40.29213, 21.42281, -44.83657],
						"0.5": [-51.83211, 37.74163, 7.21348],
						"2.1667": [-54.93772, 31.71641, 1.77243],
						"2.5": [-40.29213, 21.42281, -44.83657]
					},
					"position": {
						"0.0": [0, 0, 0],
						"0.5": [-0.57486, 0.87323, 0.17891],
						"2.1667": [-0.57486, 0.87323, 0.17891],
						"2.5": [0, 0, 0]
					}
				},
				"head_AI": {
					"rotation": {
						"0.0": [-22.5, 0, 0],
						"0.7083": [-21.94, 0, 0],
						"1.0": [-5.6, 0, 0],
						"1.125": [-20, 0, 0],
						"1.2917": [-10, 0, 0],
						"2.5": [-22.5, 0, 0]
					}
				},
				"head": {
					"rotation": {
						"0.0": [12.5, 0, 0],
						"2.5": [12.5, 0, 0]
					}
				},
				"arm_right2": {
					"rotation": {
						"0.0": [-59.15436, -69.43395, 27.95596],
						"0.625": [-263.15002, -73.69279, 220.07487],
						"1.25": [-263.15002, -73.69279, 220.07487],
						"1.2917": [-9.18731, -81.81607, -34.29659],
						"2.1667": [-263.15002, -73.69279, 220.07487],
						"2.5": [-59.15436, -69.43395, 27.95596]
					}
				},
				"arm_left2": {
					"rotation": {
						"0.0": [-59.15436, 69.43395, -27.95596],
						"0.625": [-263.15002, 73.69279, -220.07487],
						"1.25": [-263.15002, 73.69279, -220.07487],
						"1.2917": [-9.18731, 81.81607, 34.29659],
						"2.1667": [-263.15002, 73.69279, -220.07487],
						"2.5": [-59.15436, 69.43395, -27.95596]
					}
				},
				"foot_right": {
					"rotation": ["-math.sin(q.anim_time*90*2-45)*5", 0, 0]
				},
				"foot_left": {
					"rotation": ["-math.sin(q.anim_time*90*2-45)*5", 0, 0]
				},
				"beedrill": {
					"position": {
						"0.0": [0, -12.9, 0],
						"2.5": [0, -12.9, 0]
					}
				}
			}
		},
		"animation.beedrill_mega.air_fly": {
			"loop": true,
			"animation_length": 10.4167,
			"bones": {
				"body": {
					"rotation": ["math.sin(q.anim_time*90*2)*2+20", 0, 0],
					"position": [
						"math.clamp(math.sin(q.anim_time*90*4*0.5)*0.6,-0.5,0)+math.clamp(math.sin(q.anim_time*90*4*0.5)*0.6,0,0.5)",
						"14.192+(math.clamp(math.sin(q.anim_time*90*4*2)*2,-1.5,0)+math.clamp(math.sin(q.anim_time*90*4*2)*2,0,1.5)+math.sin(q.anim_time*90*4*2)*2)*0.1",
						"-7.3877+math.sin(q.anim_time*90*2)*1"
					]
				},
				"antenna_right": {
					"rotation": ["math.sin(q.anim_time*90*4)*5+22.5", 0, 0],
					"position": [0, -0.40958, -0.28679]
				},
				"antenna_right2": {
					"rotation": ["math.sin(q.anim_time*90*2+45)*5-18.6025", 6.21467, 4.35753]
				},
				"antenna_left": {
					"rotation": ["math.sin(q.anim_time*90*4)*5+22.5", 0, 0],
					"position": [0, -0.40958, -0.28679]
				},
				"antenna_left2": {
					"rotation": ["math.sin(q.anim_time*90*2+45)*5-18.6025", -6.21467, -4.35753]
				},
				"wing_right": {
					"rotation": [0.90956, "39.9802-30*(math.sin(q.anim_time*120*4*6)*1+1)", 2.66022],
					"position": [0, -2, 0]
				},
				"wing_right2": {
					"rotation": [-4.46412, "-4*(math.sin(q.anim_time*90*4*6-22.5)*1)+4.1116", -22.916],
					"position": [0.53923, 2.02633, -0.13325],
					"scale": [0.7, 0.7, 1]
				},
				"wing_left": {
					"rotation": [0.90956, "-39.9802+30*(math.sin(q.anim_time*120*4*6)*1+1)", -2.66022],
					"position": [0, -2, 0]
				},
				"wing_left2": {
					"rotation": [-4.46412, "4*(math.sin(q.anim_time*90*4*6-22.5)*1)-4.1116", 22.916],
					"position": [-0.53923, 2.02633, -0.13325],
					"scale": [0.7, 0.7, 1]
				},
				"abdomen": {
					"rotation": [-22.5, 0, 0]
				},
				"arm_right": {
					"rotation": [21.7625, 4.44238, "-34.6967-math.sin(q.anim_time*90*4)*2-math.clamp(math.sin(q.anim_time*90*4)*1,0,5)"]
				},
				"arm_left": {
					"rotation": [21.7625, -4.44238, "34.6967-math.sin(q.anim_time*90*4)*2-math.clamp(math.sin(q.anim_time*90*4)*1,0,5)"]
				},
				"leg_right": {
					"rotation": [69.9826, -46.01377, 12.87556]
				},
				"leg_right2": {
					"rotation": [-27.98465, -25.91108, 18.26346],
					"position": [0.21354, -0.07047, 0.10924]
				},
				"leg_left": {
					"rotation": [69.9826, 46.01377, -12.87556]
				},
				"leg_left2": {
					"rotation": [-27.98465, 25.91108, -18.26346],
					"position": [-0.2084, -0.45633, 0.02459]
				},
				"head": {
					"rotation": ["-math.sin(q.anim_time*90*2)*2-15", 0, 0],
					"position": [0, 0, -1]
				},
				"head_AI": {
					"rotation": [5, 0, 0]
				},
				"arm_right2": {
					"rotation": [13.80016, -34.75591, -8.81536]
				},
				"arm_left2": {
					"rotation": [13.80016, 34.75591, 8.81536]
				},
				"foot_right": {
					"rotation": ["15-math.sin(q.anim_time*90*2-45)*5", 0, 0]
				},
				"foot_left": {
					"rotation": ["15-math.sin(q.anim_time*90*2-45)*5", 0, 0]
				},
				"beedrill": {
					"position": [0, -12.9, 0]
				},
				"torso": {
					"rotation": [-15, 0, 0]
				}
			}
		},
		"animation.beedrill_mega.sleep": {
			"loop": true,
			"bones": {
				"body": {
					"rotation": [82.5, 0, 0],
					"position": [0, -10.25, 0]
				},
				"head": {
					"rotation": ["-44.5+math.sin(q.anim_time*90*2)*0.5", 14.25, 0.25]
				},
				"antenna_right": {
					"rotation": ["17.5+math.sin(q.anim_time*90*2-60)*2", 0, 0]
				},
				"antenna_right2": {
					"rotation": ["-30+math.sin(q.anim_time*90*2)*1.5", 0, 0]
				},
				"antenna_left": {
					"rotation": ["-12.5+8*(math.sin(q.anim_time*90*2/4)*0.25)+4*(math.sin(q.anim_time*90*2/3)*0.25)", 0, 0]
				},
				"antenna_left2": {
					"rotation": ["-37.5+math.sin(q.anim_time*90*2-60)*2.5", 0, 0]
				},
				"torso": {
					"rotation": [5, 0, 0]
				},
				"wing_right": {
					"rotation": [0, "60-8*(math.sin(q.anim_time*90*1)*0.25)-4*(math.sin(q.anim_time*90*1)*0.25)", 0],
					"position": [0, -0.99905, 0.04362]
				},
				"wing_left": {
					"rotation": [0, "-60+8*(math.sin(q.anim_time*90*1)*0.25)+4*(math.sin(q.anim_time*90*1)*0.25)", 0],
					"position": [0, -0.99905, 0.04362]
				},
				"abdomen": {
					"rotation": [27.5, 0, 0]
				},
				"arm_right": {
					"rotation": [-84.56463, -17.91591, 50.27542]
				},
				"arm_stinger_right": {
					"rotation": [-181.54408, -75.70409, -160.32882]
				},
				"arm_left": {
					"rotation": [-87.12723, 4.09405, -54.8973]
				},
				"arm_stinger_left": {
					"rotation": [-26.49955, 84.41125, -26.60872]
				},
				"leg_right": {
					"rotation": [0, 2.5, -17.5]
				},
				"leg_right2": {
					"rotation": [-25.26299, 1.2419, -31.14626]
				},
				"foot_right": {
					"rotation": [-7.5, 0, -32.5]
				},
				"leg_left": {
					"rotation": [0, 0, 10]
				},
				"leg_left2": {
					"rotation": [-14.41412, -4.4972, 20.34559]
				},
				"foot_left": {
					"rotation": [-23.77147, -4.66627, 72.10481]
				},
				"beedrill": {
					"position": [0, -12.9, 0]
				},
				"wing_right2": {
					"rotation": [0, 0, -22.5],
					"position": [0.04099, 0.99905, -0.01492],
					"scale": [0.7, 0.7, 1]
				},
				"wing_left2": {
					"rotation": [0, 0, 22.5],
					"position": [-0.04099, 0.99905, -0.01492],
					"scale": [0.7, 0.7, 1]
				}
			}
		},
		"animation.beedrill_mega.cry": {
			"animation_length": 1.7083,
			"bones": {
				"head": {
					"rotation": {
						"0.0": {
							"post": [0, 0, 0],
							"lerp_mode": "catmullrom"
						},
						"0.2917": {
							"post": [-15, 0, 0],
							"lerp_mode": "catmullrom"
						},
						"0.375": {
							"post": [-1.5, 0, 0],
							"lerp_mode": "catmullrom"
						},
						"0.4583": {
							"post": [-15, 0, 0],
							"lerp_mode": "catmullrom"
						},
						"0.5833": {
							"post": [0, 0, 0],
							"lerp_mode": "catmullrom"
						},
						"1.125": {
							"post": [0, 0, 0],
							"lerp_mode": "catmullrom"
						}
					}
				}
			},
			"sound_effects": {
				"0.125": {
					"effect": "pokemon.beedrill.cry"
				}
			}
		},
		"animation.beedrill_mega.render": {
			"loop": true,
			"bones": {
				"body": {
					"rotation": [0, -5, 0]
				},
				"torso": {
					"rotation": [0, -27.5, 0]
				},
				"abdomen": {
					"rotation": [-22.5, 25, 0]
				},
				"arm_right": {
					"rotation": [23.64584, -47.44041, -2.08597],
					"position": [0, 0, 0]
				},
				"arm_right2": {
					"rotation": [-17.80697, 1.30052, 9.76732],
					"position": [0, 0, 0]
				},
				"arm_stinger_right": {
					"rotation": [4.62934, -24.59477, -11.00966]
				},
				"arm_left": {
					"rotation": [0.21803, -2.49048, -5.00474],
					"position": [0, 0, 2]
				},
				"arm_left2": {
					"rotation": [0, 0, 47.5],
					"position": [0, 2, 0]
				},
				"arm_stinger_left": {
					"rotation": [0, 0, -55]
				},
				"leg_right": {
					"rotation": [-7.37987, -18.10943, -4.45759]
				},
				"leg_right2": {
					"rotation": [21.70457, 50.60574, -29.14482]
				},
				"foot_right": {
					"rotation": [14.47761, 5.24826, -11.36081]
				},
				"leg_left": {
					"rotation": [53.53321, 29.98509, 7.02085]
				},
				"leg_left2": {
					"rotation": [6.34339, -4.11973, 31.32303]
				},
				"foot_left": {
					"rotation": [0, 0, 52.5]
				},
				"head": {
					"rotation": [11.41865, 8.75483, 4.87976]
				},
				"wing_right": {
					"rotation": [0, 17.5, 0],
					"position": [0, -2, 0]
				},
				"wing_left": {
					"rotation": [0, 15, 0],
					"position": [0, -2, 0]
				},
				"wing_right2": {
					"rotation": [0, 0, -22.5],
					"position": [0, 2, 0],
					"scale": [0.7, 0.7, 1]
				},
				"wing_left2": {
					"rotation": [0, 0, 22.5],
					"position": [0, 2, 0],
					"scale": [0.7, 0.7, 1]
				}
			}
		},
		"animation.beedrill_mega.recoil": {
			"loop": "hold_on_last_frame",
			"animation_length": 0.5,
			"bones": {
				"antenna_right2": {
					"rotation": ["math.sin(q.anim_time*90*2+45)*5+5", 0, 0]
				},
				"head": {
					"rotation": {
						"0.0": [0, 0, 0],
						"0.0833": [-46.13023, -7.15413, 22.3894],
						"0.1667": [-46.13023, -7.15413, 22.3894],
						"0.5": [0, 0, 0]
					}
				},
				"foot_right": {
					"rotation": ["-math.sin(q.anim_time*90*2-45)*5", 0, 0]
				},
				"foot_left": {
					"rotation": ["-math.sin(q.anim_time*90*2-45)*5", 0, 0]
				},
				"body": {
					"position": {
						"0.0": [0, 0, 0],
						"0.0833": [0, 0, 1],
						"0.5": [0, 0, 0]
					}
				},
				"abdomen": {
					"rotation": {
						"0.0": [0, 0, 0],
						"0.0833": [-7.5, 0, 0],
						"0.5": [0, 0, 0]
					}
				},
				"arm_right": {
					"rotation": {
						"0.0": [0, 0, 0],
						"0.0833": [0, -5, 0],
						"0.5": [0, 0, 0]
					}
				},
				"arm_stinger_right": {
					"rotation": {
						"0.0": [0, 0, 0],
						"0.3333": [0, -7.5, 0],
						"0.5": [0, 0, 0]
					}
				},
				"arm_left": {
					"rotation": {
						"0.0": [0, 0, 0],
						"0.0833": [0, 5, 0],
						"0.5": [0, 0, 0]
					}
				},
				"arm_stinger_left": {
					"rotation": {
						"0.0": [0, 0, 0],
						"0.3333": [0, 7.5, 0],
						"0.5": [0, 0, 0]
					}
				},
				"leg_right": {
					"rotation": {
						"0.0": [0, 0, 0],
						"0.0833": [0, -5, 0],
						"0.5": [0, 0, 0]
					}
				},
				"leg_right2": {
					"rotation": {
						"0.0": [0, 0, 0],
						"0.25": [0, -5, 0],
						"0.5": [0, 0, 0]
					}
				},
				"leg_left": {
					"rotation": {
						"0.0": [0, 0, 0],
						"0.0833": [0, 7.5, 0],
						"0.5": [0, 0, 0]
					}
				},
				"leg_left2": {
					"rotation": {
						"0.0": [0, 0, 0],
						"0.25": [0, 12.5, 0],
						"0.5": [0, 0, 0]
					}
				}
			}
		}
	}
}