{
  "species": "cobblemon:sableye",
  "order": 1,
  "variations": [
    {
      "aspects": ["mega"],
      "poser": "cobblemon:sableye_mega",
      "model": "cobblemon:sableye_mega.geo",
      "texture": "cobblemon:textures/pokemon/0302_sableye/sableye_mega.png",
      "layers": [
        {
          "name": "emissive",
          "emissive": false,
          "texture": "cobblemon:textures/pokemon/0302_sableye/sableye_mega_emissive.png",
          "translucent": true
        }
      ]
    },
    {
      "aspects": ["mega", "shiny"],
      "poser": "cobblemon:sableye_mega",
      "model": "cobblemon:sableye_mega.geo",
      "texture": "cobblemon:textures/pokemon/0302_sableye/sableye_mega_shiny.png",
      "layers": [
        {
          "name": "emissive",
          "emissive": false,
          "texture": "cobblemon:textures/pokemon/0302_sableye/sableye_mega_shiny_emissive.png",
          "translucent": true
        }
      ]
    }
  ]
}
