{
    "enabled": true,
    "neededInstalledMods": [],
    "neededUninstalledMods": [],
    "spawns": [
        {
            "id": "audino-1",
            "pokemon": "audino",
            "presets": [
                "natural"
			],
            "type": "pokemon",
            "context": "grounded",
            "bucket": "uncommon",
            "level": "20-75",
            "weight": 3.0,
            "weightMultiplier": {
                "multiplier": 0.75,
                "condition": {
                    "timeRange": "night"
                }
            },
            "condition": {
                "canSeeSky": true,
                "biomes": [
                    "#cobblemon:is_overworld"
                ]
            }
        }
    ]
}
