{
  "portraitScale": 1.9,
  "portraitTranslation": [0.05, 1.65, 0.0],
  "profileScale": 0.8,
  "profileTranslation": [-0.1, 0.9, 0.0],
  "animations": {
    "cry": "q.bedrock_stateful('beedrill_mega', 'cry')",
	"recoil": "q.bedrock_stateful('beedrill_mega', 'recoil', q.curve('one'))",
	"physical": "q.bedrock_primary('beedrill_mega', 'attack', q.curve('symmetrical_wide'))",
	"special": "q.bedrock_primary('beedrill_mega', 'attack', q.curve('symmetrical_wide'))"
  },
  "poses": {
    "standing": {
      "poseTypes": ["STAND", "NONE", "PORTRAIT", "PROFILE"],
      "isBattle": false,
      "animations": [
        "q.look('head')",
        "q.bedrock('beedrill_mega', 'air_idle')"
      ]
    },
    "battle-standing": {
      "poseTypes": ["STAND", "FLY", "WALK"],
      "isBattle": true,
      "animations": [
        "q.look('head')",
        "q.bedrock('beedrill_mega', 'battle_idle')"
      ]
    },
    "flying": {
      "poseTypes": ["FLY"],
      "isBattle": false,
      "animations": [
        "q.look('head')",
        "q.bedrock('beedrill_mega', 'air_fly')"
      ]
	},
    "walking": {
      "poseTypes": ["WALK"],
      "isBattle": false,
      "animations": [
        "q.look('head')",
        "q.bedrock('beedrill_mega', 'air_fly')"
      ]
	},
    "sleeping": {
      "poseTypes": ["SLEEP"],
      "animations": ["q.bedrock('beedrill_mega', 'sleep')"]
    }
  }
}