
{
  "species": "cobblemon:abomasnow",
  "order": 1,
  "variations": [
    {
      "aspects": ["mega"],
      "poser": "cobblemon:abomasnow_mega",
      "model": "cobblemon:abomasnow_mega.geo",
      "texture": "cobblemon:textures/pokemon/0460_abomasnow/abomasnow_mega.png",
      "layers": []
      },
      {
      "aspects": [
        "mega",
        "shiny"
      ],
      "poser": "cobblemon:abomasnow_mega",
      "model": "cobblemon:abomasnow_mega.geo",
      "texture": "cobblemon:textures/pokemon/0460_abomasnow/abomasnow_mega_shiny.png",
      "layers":[]
      }
  ]
}
