{
  "implemented": true,
  "nationalPokedexNumber": 214,
  "name": "Heracross",
  "primaryType": "bug",
  "secondaryType": "fighting",
  "maleRatio": 0.5,
  "height": 15,
  "weight": 540,
  "pokedex": [
    "cobblemon.species.heracross.desc"
  ],
  "labels": [
    "gen2"
  ],
  "aspects": [],
  "abilities": [
    "swarm",
    "guts",
    "h:moxie"
  ],
  "eggGroups": [
    "bug"
  ],
  "baseStats": {
    "hp": 80,
    "attack": 125,
    "defence": 75,
    "special_attack": 40,
    "special_defence": 95,
    "speed": 85
  },
  "evYield": {
    "hp": 0,
    "attack": 2,
    "defence": 0,
    "special_attack": 0,
    "special_defence": 0,
    "speed": 0
  },
  "baseExperienceYield": 175,
  "experienceGroup": "slow",
  "catchRate": 45,
  "eggCycles": 25,
  "baseFriendship": 50,
  "baseScale": 1,
  "hitbox": {
    "width": 1.05,
    "height": 1.55,
    "fixed": false
  },
  "behaviour": {
    "moving": {
      "fly": {
        "canFly": true
      }
    }
  },
  "drops": {
    "amount": 1,
    "entries": [
      {
        "item": "cobblemon:coba_berry",
        "percentage": 5.0
      }
    ]
  },
  "moves": [
    "1:nightslash",
    "1:tackle",
    "1:leer",
    "1:feint",
    "1:chipaway",
    "1:armthrust",
    "5:furyattack",
    "10:endure",
    "15:aerialace",
    "20:hornattack",
    "25:counter",
    "30:brickbreak",
    "35:pinmissile",
    "40:throatchop",
    "45:thrash",
    "50:swordsdance",
    "55:megahorn",
    "60:closecombat",
    "egg:bide",
    "egg:doubleedge",
    "egg:feint",
    "egg:flail",
    "egg:harden",
    "egg:nightslash",
    "egg:pursuit",
    "egg:seismictoss",
    "tm:aerialace",
    "tm:assurance",
    "tm:attract",
    "tm:bodyslam",
    "tm:brickbreak",
    "tm:brutalswing",
    "tm:bugbite",
    "tm:bugbuzz",
    "tm:bulkup",
    "tm:bulldoze",
    "tm:bulletseed",
    "tm:captivate",
    "tm:closecombat",
    "tm:coaching",
    "tm:confide",
    "tm:curse",
    "tm:cut",
    "tm:detect",
    "tm:dig",
    "tm:doubleedge",
    "tm:doubleteam",
    "tm:earthquake",
    "tm:endeavor",
    "tm:endure",
    "tm:facade",
    "tm:falseswipe",
    "tm:fling",
    "tm:focusblast",
    "tm:focuspunch",
    "tm:frustration",
    "tm:furycutter",
    "tm:gigaimpact",
    "tm:headbutt",
    "tm:helpinghand",
    "tm:hiddenpower",
    "tm:highhorsepower",
    "tm:hyperbeam",
    "tm:irondefense",
    "tm:knockoff",
    "tm:lowkick",
    "tm:lunge",
    "tm:megahorn",
    "tm:mimic",
    "tm:naturalgift",
    "tm:pinmissile",
    "tm:pounce",
    "tm:protect",
    "tm:raindance",
    "tm:rest",
    "tm:retaliate",
    "tm:return",
    "tm:revenge",
    "tm:reversal",
    "tm:rockblast",
    "tm:rockslide",
    "tm:rocksmash",
    "tm:rocktomb",
    "tm:round",
    "tm:secretpower",
    "tm:shadowclaw",
    "tm:skittersmack",
    "tm:sleeptalk",
    "tm:smackdown",
    "tm:smartstrike",
    "tm:snore",
    "tm:spikes",
    "tm:stoneedge",
    "tm:strength",
    "tm:strugglebug",
    "tm:substitute",
    "tm:sunnyday",
    "tm:swagger",
    "tm:swordsdance",
    "tm:takedown",
    "tm:terablast",
    "tm:thief",
    "tm:throatchop",
    "tm:toxic",
    "tm:trailblaze",
    "tm:upperhand",
    "tm:vacuumwave",
    "tm:venoshock",
    "tm:workup",
    "tutor:aerialace",
    "tutor:bugbite",
    "tutor:bulkup",
    "tutor:bulldoze",
    "tutor:coaching",
    "tutor:endeavor",
    "tutor:falseswipe",
    "tutor:focuspunch",
    "tutor:furycutter",
    "tutor:gigaimpact",
    "tutor:helpinghand",
    "tutor:highhorsepower",
    "tutor:hyperbeam",
    "tutor:irondefense",
    "tutor:knockoff",
    "tutor:lowkick",
    "tutor:megahorn",
    "tutor:rest",
    "tutor:rockslide",
    "tutor:rocksmash",
    "tutor:shadowclaw",
    "tutor:skittersmack",
    "tutor:sleeptalk",
    "tutor:spikes",
    "tutor:stoneedge",
    "tutor:throatchop",
    "tutor:vacuumwave"
  ],
  "evolutions": [
    {
      "id": "heracross_megaheracross",
      "variant": "level_up",
      "result": "heracross mega_evolution=mega",
      "consumeHeldItem": false,
      "learnableMoves": [],
      "requirements": [
          {
            "variant": "level",
            "minLevel": "50"
          },
          {
            "variant": "friendship",
            "amount": 180
          },
          {
            "variant": "held_item",
            "itemCondition": "minecraft:ominous_trial_key"
          }          
       ]
    }
],
  "forms": [
    {
      "name": "Mega",
      "primaryType": "bug",
      "secondaryType": "fighting",
      "maleRatio": 0.5,
      "height": 17,
      "weight": 625,
      "pokedex": [
        "cobblemon.species.heracross-mega.desc"
      ],
      "labels": [
        "gen6",
        "mega"
      ],
      "aspects": [
        "mega"
      ],
      "abilities": [
        "skilllink",
        "h:skilllink"
      ],
      "baseStats": {
        "hp": 80,
        "attack": 185,
        "defence": 115,
        "special_attack": 40,
        "special_defence": 105,
        "speed": 75
      },
      "baseExperienceYield": 210,
      "dynamaxBlocked": true,
      "evolutions": [
        {
          "id": "megaheracross_heracross",
          "variant": "level_up",
          "result": "heracross mega_evolution=base",
          "consumeHeldItem": false,
          "learnableMoves": [],
          "requirements": [
		  {
            "variant": "held_item",
            "itemCondition": "minecraft:ominous_trial_key"
          }
		  ]
        }
      ],
      "battleOnly": false
    }
  ]
}
