{
  "implemented": true,
  "nationalPokedexNumber": 248,
  "name": "Tyranitar",
  "primaryType": "rock",
  "secondaryType": "dark",
  "maleRatio": 0.5,
  "height": 20,
  "weight": 2020,
  "pokedex": [
    "cobblemon.species.tyranitar.desc"
  ],
  "labels": [
    "gen2",
    "powerhouse"
  ],
  "aspects": [],
  "abilities": [
    "sandstream",
    "h:unnerve"
  ],
  "eggGroups": [
    "monster"
  ],
  "baseStats": {
    "hp": 100,
    "attack": 134,
    "defence": 110,
    "special_attack": 95,
    "special_defence": 100,
    "speed": 61
  },
  "evYield": {
    "hp": 0,
    "attack": 3,
    "defence": 0,
    "special_attack": 0,
    "special_defence": 0,
    "speed": 0
  },
  "baseExperienceYield": 300,
  "experienceGroup": "slow",
  "catchRate": 45,
  "eggCycles": 40,
  "baseFriendship": 35,
  "baseScale": 0.75,
  "hitbox": {
    "width": 2.2,
    "height": 4.15,
    "fixed": false
  },
  "behaviour": {
    "resting": {
      "canSleep": true,
      "light": "0-4"
    },
    "moving": {
      "swim": {
        "canSwimInLava": true
      }
    }
  },
  "drops": {
    "amount": 2,
    "entries": [
      {
        "item": "cobblemon:hard_stone",
        "percentage": 10.0
      },
      {
        "item": "cobblemon:chople_berry",
        "percentage": 10.0
      }
    ]
  },
  "moves": [
    "1:thunderfang",
    "1:icefang",
    "1:firefang",
    "1:leer",
    "1:darkpulse",
    "1:payback",
    "1:chipaway",
    "1:irondefense",
    "1:tackle",
    "1:rockthrow",
    "9:bite",
    "12:scaryface",
    "15:rockslide",
    "18:stompingtantrum",
    "21:screech",
    "24:smackdown",
    "27:crunch",
    "33:earthquake",
    "37:stoneedge",
    "42:thrash",
    "47:sandstorm",
    "52:hyperbeam",
    "59:gigaimpact",
    "egg:ancientpower",
    "egg:assurance",
    "egg:curse",
    "egg:dragondance",
    "egg:focusenergy",
    "egg:irondefense",
    "egg:ironhead",
    "egg:outrage",
    "egg:pursuit",
    "egg:stomp",
    "tm:aerialace",
    "tm:ancientpower",
    "tm:aquatail",
    "tm:assurance",
    "tm:attract",
    "tm:avalanche",
    "tm:blizzard",
    "tm:block",
    "tm:bodypress",
    "tm:bodyslam",
    "tm:breakingswipe",
    "tm:brickbreak",
    "tm:brutalswing",
    "tm:bulldoze",
    "tm:captivate",
    "tm:confide",
    "tm:counter",
    "tm:crunch",
    "tm:curse",
    "tm:cut",
    "tm:darkpulse",
    "tm:detect",
    "tm:dig",
    "tm:doubleedge",
    "tm:doubleteam",
    "tm:dragonbreath",
    "tm:dragonclaw",
    "tm:dragondance",
    "tm:dragonpulse",
    "tm:dragontail",
    "tm:dynamicpunch",
    "tm:earthpower",
    "tm:earthquake",
    "tm:endure",
    "tm:facade",
    "tm:fireblast",
    "tm:firefang",
    "tm:firepunch",
    "tm:flamethrower",
    "tm:fling",
    "tm:focusblast",
    "tm:focusenergy",
    "tm:focuspunch",
    "tm:foulplay",
    "tm:frustration",
    "tm:furycutter",
    "tm:gigaimpact",
    "tm:hardpress",
    "tm:headbutt",
    "tm:heavyslam",
    "tm:helpinghand",
    "tm:hiddenpower",
    "tm:highhorsepower",
    "tm:honeclaws",
    "tm:hydropump",
    "tm:hyperbeam",
    "tm:icebeam",
    "tm:icefang",
    "tm:icepunch",
    "tm:icywind",
    "tm:incinerate",
    "tm:irondefense",
    "tm:ironhead",
    "tm:irontail",
    "tm:knockoff",
    "tm:lashout",
    "tm:lowkick",
    "tm:megakick",
    "tm:megapunch",
    "tm:mimic",
    "tm:muddywater",
    "tm:mudshot",
    "tm:mudslap",
    "tm:naturalgift",
    "tm:nightmare",
    "tm:outrage",
    "tm:payback",
    "tm:powergem",
    "tm:poweruppunch",
    "tm:protect",
    "tm:raindance",
    "tm:rest",
    "tm:retaliate",
    "tm:return",
    "tm:revenge",
    "tm:roar",
    "tm:rockblast",
    "tm:rockclimb",
    "tm:rockpolish",
    "tm:rockslide",
    "tm:rocksmash",
    "tm:rocktomb",
    "tm:round",
    "tm:sandstorm",
    "tm:sandtomb",
    "tm:scaryface",
    "tm:screech",
    "tm:secretpower",
    "tm:shadowclaw",
    "tm:shockwave",
    "tm:sleeptalk",
    "tm:smackdown",
    "tm:snarl",
    "tm:snore",
    "tm:spite",
    "tm:stealthrock",
    "tm:stompingtantrum",
    "tm:stoneedge",
    "tm:strength",
    "tm:substitute",
    "tm:sunnyday",
    "tm:superpower",
    "tm:surf",
    "tm:swagger",
    "tm:takedown",
    "tm:taunt",
    "tm:terablast",
    "tm:thunder",
    "tm:thunderbolt",
    "tm:thunderfang",
    "tm:thunderpunch",
    "tm:thunderwave",
    "tm:torment",
    "tm:toxic",
    "tm:uproar",
    "tm:waterpulse",
    "tm:whirlpool",
    "tutor:aerialace",
    "tutor:ancientpower",
    "tutor:aquatail",
    "tutor:block",
    "tutor:bulldoze",
    "tutor:darkpulse",
    "tutor:dragonpulse",
    "tutor:earthpower",
    "tutor:firefang",
    "tutor:firepunch",
    "tutor:flamethrower",
    "tutor:focusenergy",
    "tutor:focuspunch",
    "tutor:foulplay",
    "tutor:furycutter",
    "tutor:gigaimpact",
    "tutor:helpinghand",
    "tutor:highhorsepower",
    "tutor:hyperbeam",
    "tutor:icebeam",
    "tutor:icefang",
    "tutor:icepunch",
    "tutor:icywind",
    "tutor:irondefense",
    "tutor:ironhead",
    "tutor:irontail",
    "tutor:knockoff",
    "tutor:lashout",
    "tutor:lowkick",
    "tutor:mudslap",
    "tutor:outrage",
    "tutor:rest",
    "tutor:rockslide",
    "tutor:rocksmash",
    "tutor:seismictoss",
    "tutor:shadowclaw",
    "tutor:shockwave",
    "tutor:sleeptalk",
    "tutor:snarl",
    "tutor:spite",
    "tutor:stealthrock",
    "tutor:stompingtantrum",
    "tutor:stoneedge",
    "tutor:superpower",
    "tutor:thunderbolt",
    "tutor:thunderfang",
    "tutor:thunderpunch"
  ],
  "preEvolution": "pupitar",
  "evolutions": [
    {
      "id": "tyranitar_megatyranitar",
      "variant": "level_up",
      "result": "tyranitar mega_evolution=mega",
      "consumeHeldItem": false,
      "learnableMoves": [],
      "requirements": [
          {
            "variant": "level",
            "minLevel": "70"
          },
          {
            "variant": "friendship",
            "amount": 180
          },
          {
            "variant": "held_item",
            "itemCondition": "minecraft:ominous_trial_key"
          }          
       ]
    }
],
  "forms": [
    {
      "name": "Mega",
      "primaryType": "rock",
      "secondaryType": "dark",
      "maleRatio": 0.5,
      "height": 25,
      "weight": 2550,
      "pokedex": [
        "cobblemon.species.tyranitar-mega.desc"
      ],
      "labels": [
        "gen6",
        "mega"
      ],
      "aspects": [
        "mega"
      ],
      "abilities": [
        "sandstream",
        "h:sandstream"
      ],
      "baseStats": {
        "hp": 100,
        "attack": 164,
        "defence": 150,
        "special_attack": 95,
        "special_defence": 120,
        "speed": 71
      },
      "baseExperienceYield": 350,
      "dynamaxBlocked": true,
      "evolutions": [
        {
          "id": "megatyranitar_tyranitar",
          "variant": "level_up",
          "result": "tyranitar mega_evolution=base",
          "consumeHeldItem": false,
          "learnableMoves": [],
          "requirements": [
		  {
            "variant": "held_item",
            "itemCondition": "minecraft:ominous_trial_key"
          }
		  ]
        }
      ],
      "battleOnly": false
    }
  ]
}
