{
  "species": "cobblemon:charizard",
  "order": 1,
  "variations": [
    {
      "aspects": ["mega_x"],
      "model": "cobblemon:charizard_mega_x.geo",
      "texture": "cobblemon:textures/pokemon/0006_charizard/charizard_mega_x.png",
      "layers": [
        {
          "name": "flame",
          "texture": "cobblemon:textures/pokemon/blank.png",
          "emissive": true,
          "translucent": true
        },
        {
          "name": "glow",
          "texture": "cobblemon:textures/pokemon/0006_charizard/x_glow.png",
          "emissive": true,
          "translucent": true
        }
      ]
    },
    {
      "aspects": [ "mega_x", "shiny" ],
      "model": "cobblemon:charizard_mega_x.geo",
      "texture": "cobblemon:textures/pokemon/0006_charizard/charizard_mega_x_shiny.png",
      "layers": [
            {
              "name": "flame",
              "texture": "cobblemon:textures/pokemon/blank.png",
              "emissive": true,
              "translucent": true
            },
            {
              "name": "glow",
              "texture": "cobblemon:textures/pokemon/0006_charizard/x_glow.png",
              "emissive": true,
              "translucent": true
            }
          ]
    },
	{
      "aspects": ["mega_y"],
      "model": "cobblemon:charizard_mega_y.geo",
      "texture": "cobblemon:textures/pokemon/0006_charizard/charizard_mega_y.png",
      "layers": [
        {
          "name": "flame",
          "texture": "cobblemon:textures/pokemon/blank.png",
          "emissive": true,
          "translucent": true
        },
        {
          "name": "glow",
          "texture": "cobblemon:textures/pokemon/0006_charizard/y_glow.png",
          "emissive": true,
          "translucent": true
        }
      ]
    },
    {
      "aspects": [ "mega_y", "shiny" ],
      "model": "cobblemon:charizard_mega_y.geo",
      "texture": "cobblemon:textures/pokemon/0006_charizard/charizard_mega_y_shiny.png",
      "layers": [
        {
          "name": "flame",
          "texture": "cobblemon:textures/pokemon/blank.png",
          "emissive": true,
          "translucent": true
        },
        {
          "name": "glow",
          "texture": "cobblemon:textures/pokemon/0006_charizard/y_glow.png",
          "emissive": true,
          "translucent": true
        }
      ]
    }
  ]
}