{
  "implemented": true,
  "nationalPokedexNumber": 531,
  "name": "Audino",
  "primaryType": "normal",
  "maleRatio": 0.5,
  "height": 11,
  "weight": 310,
  "pokedex": [
    "cobblemon.species.audino.desc"
  ],
  "labels": [
    "gen5"
  ],
  "aspects": [],
  "abilities": [
    "healer",
    "regenerator",
    "h:klutz"
  ],
  "eggGroups": [
    "fairy"
  ],
  "baseStats": {
    "hp": 103,
    "attack": 60,
    "defence": 86,
    "special_attack": 60,
    "special_defence": 86,
    "speed": 50
  },
  "evYield": {
    "hp": 2,
    "attack": 0,
    "defence": 0,
    "special_attack": 0,
    "special_defence": 0,
    "speed": 0
  },
  "baseExperienceYield": 390,
  "experienceGroup": "fast",
  "catchRate": 255,
  "eggCycles": 20,
  "baseFriendship": 50,
  "baseScale": 0.8,
  "hitbox": {
    "width": 0.8,
    "height": 1.8,
    "fixed": false
  },
  "behaviour": {
    "moving": {
	  "walk": {
	  "walkSpeed": 0.25
		},
	  "swim": {
	    "swimSpeed": 0.15,
		"canSwimInWater": true,
		"canBreatheUnderwater": false,
		"canWalkOnWater": false
		}
	 }
  },
  "drops": {
    "amount": 2,
    "entries": [
      {
        "item": "cobblemon:oran_berry",
        "percentage": 5.0
      },
      {
        "item": "cobblemon:fairy_feather",
        "percentage": 5.0
      }
    ]
  },
  "moves": [
    "1:pound",
    "1:refresh",
    "1:doubleslap",
    "1:playnice",
    "1:attract",
    "1:secretpower",
    "4:disarmingvoice",
    "9:babydolleyes",
    "12:helpinghand",
    "16:growl",
    "20:zenheadbutt",
    "24:lifedew",
    "28:afteryou",
    "32:takedown",
    "36:simplebeam",
    "40:hypervoice",
    "44:healpulse",
    "48:doubleedge",
    "52:entrainment",
    "56:mistyterrain",
    "60:lastresort",
    "egg:bestow",
    "egg:healingwish",
    "egg:luckychant",
    "egg:sweetkiss",
    "egg:wish",
    "egg:yawn",
    "tm:afteryou",
    "tm:allyswitch",
    "tm:amnesia",
    "tm:attract",
    "tm:babydolleyes",
    "tm:blizzard",
    "tm:bodyslam",
    "tm:calmmind",
    "tm:chargebeam",
    "tm:confide",
    "tm:covet",
    "tm:dazzlinggleam",
    "tm:dig",
    "tm:disarmingvoice",
    "tm:doubleedge",
    "tm:doubleteam",
    "tm:drainingkiss",
    "tm:drainpunch",
    "tm:dreameater",
    "tm:echoedvoice",
    "tm:encore",
    "tm:endure",
    "tm:facade",
    "tm:fireblast",
    "tm:firepunch",
    "tm:flamethrower",
    "tm:flash",
    "tm:fling",
    "tm:focuspunch",
    "tm:frustration",
    "tm:gigaimpact",
    "tm:grassknot",
    "tm:gravity",
    "tm:healbell",
    "tm:helpinghand",
    "tm:hiddenpower",
    "tm:hyperbeam",
    "tm:hypervoice",
    "tm:icebeam",
    "tm:icepunch",
    "tm:icywind",
    "tm:incinerate",
    "tm:irontail",
    "tm:knockoff",
    "tm:laserfocus",
    "tm:lastresort",
    "tm:lightscreen",
    "tm:lowkick",
    "tm:magiccoat",
    "tm:megakick",
    "tm:megapunch",
    "tm:mistyterrain",
    "tm:painsplit",
    "tm:poweruppunch",
    "tm:protect",
    "tm:psychic",
    "tm:psychup",
    "tm:psyshock",
    "tm:raindance",
    "tm:reflect",
    "tm:rest",
    "tm:retaliate",
    "tm:return",
    "tm:roleplay",
    "tm:round",
    "tm:safeguard",
    "tm:secretpower",
    "tm:shadowball",
    "tm:signalbeam",
    "tm:skillswap",
    "tm:sleeptalk",
    "tm:snatch",
    "tm:snore",
    "tm:solarbeam",
    "tm:stompingtantrum",
    "tm:substitute",
    "tm:sunnyday",
    "tm:surf",
    "tm:swagger",
    "tm:takedown",
    "tm:telekinesis",
    "tm:terablast",
    "tm:throatchop",
    "tm:thunder",
    "tm:thunderbolt",
    "tm:thunderpunch",
    "tm:thunderwave",
    "tm:toxic",
    "tm:trickroom",
    "tm:uproar",
    "tm:wildcharge",
    "tm:workup",
    "tm:zenheadbutt",
    "tutor:afteryou",
    "tutor:allyswitch",
    "tutor:babydolleyes",
    "tutor:calmmind",
    "tutor:chargebeam",
    "tutor:covet",
    "tutor:dazzlinggleam",
    "tutor:drainpunch",
    "tutor:firepunch",
    "tutor:flamethrower",
    "tutor:focuspunch",
    "tutor:gigaimpact",
    "tutor:gravity",
    "tutor:healbell",
    "tutor:helpinghand",
    "tutor:hyperbeam",
    "tutor:hypervoice",
    "tutor:icebeam",
    "tutor:icepunch",
    "tutor:icywind",
    "tutor:irontail",
    "tutor:knockoff",
    "tutor:laserfocus",
    "tutor:lastresort",
    "tutor:lowkick",
    "tutor:magiccoat",
    "tutor:painsplit",
    "tutor:present",
    "tutor:psychic",
    "tutor:rest",
    "tutor:roleplay",
    "tutor:shadowball",
    "tutor:signalbeam",
    "tutor:skillswap",
    "tutor:sleeptalk",
    "tutor:snatch",
    "tutor:stompingtantrum",
    "tutor:telekinesis",
    "tutor:throatchop",
    "tutor:thunderbolt",
    "tutor:thunderpunch",
    "tutor:trick",
    "tutor:uproar",
    "tutor:wildcharge",
    "tutor:zenheadbutt"
  ],
  "evolutions": [
    {
      "id": "audino_megaaudino",
      "variant": "level_up",
      "result": "audino mega_evolution=mega",
      "consumeHeldItem": false,
      "learnableMoves": [],
      "requirements": [
          {
            "variant": "level",
            "minLevel": "50"
          },
          {
            "variant": "friendship",
            "amount": 180
          },
          {
            "variant": "held_item",
            "itemCondition": "minecraft:ominous_trial_key"
          }          
       ]
    }
],
  "forms": [
    {
      "name": "Mega",
      "primaryType": "normal",
      "secondaryType": "fairy",
      "maleRatio": 0.5,
      "height": 15,
      "weight": 320,
      "pokedex": [
        "cobblemon.species.audino-mega.desc"
      ],
      "labels": [
        "gen6",
        "mega"
      ],
      "aspects": [
        "mega"
      ],
      "abilities": [
        "healer",
        "h:healer"
      ],
      "baseStats": {
        "hp": 103,
        "attack": 60,
        "defence": 126,
        "special_attack": 80,
        "special_defence": 126,
        "speed": 50
      },
      "baseExperienceYield": 425,
      "dynamaxBlocked": true,
      "evolutions": [
        {
          "id": "megaaudino_audino",
          "variant": "level_up",
          "result": "audino mega_evolution=base",
          "consumeHeldItem": false,
          "learnableMoves": [],
          "requirements": [
		  {
            "variant": "held_item",
            "itemCondition": "minecraft:ominous_trial_key"
          }
		  ]
        }
      ],
      "battleOnly": false
    }
  ]
}
