{
	"format_version": "1.8.0",
	"animations": {
		"animation.mewtwo_mega_x.air_fly": {
			"loop": true,
			"bones": {
				"body": {
					"rotation": ["20+math.cos((q.anim_time)*90*2/1.5-90)*2", 0, 0],
					"position": [0, "4-math.cos((q.anim_time)*90*2/1.5)*2", 0]
				},
				"head": {
					"rotation": ["-30-math.cos((q.anim_time)*90*2/1.5)*5", 0, 0]
				},
				"arm_left": {
					"rotation": [0, "-22.5+math.cos((q.anim_time)*90*2/1.5)*5", 0]
				},
				"forearm_left": {
					"rotation": [0, "50+math.cos((q.anim_time)*90*2/1.5-90)*3", 0]
				},
				"hand_left": {
					"rotation": [0, 0, 10]
				},
				"finger_left2": {
					"rotation": [0, 0, 45]
				},
				"finger_left4": {
					"rotation": [0, 0, 50]
				},
				"finger_left": {
					"rotation": [0, 0, 45]
				},
				"finger_left3": {
					"rotation": [0, 0, 50]
				},
				"thumb_left": {
					"rotation": [21.12533, -11.1645, 23.31828]
				},
				"thumb_left2": {
					"rotation": [0, 0, 47.5]
				},
				"torso": {
					"rotation": [17.5, 0, 0]
				},
				"tail": {
					"rotation": ["15+math.cos((q.anim_time)*90*2/1.5-90)*3", 0, 0]
				},
				"tail2": {
					"rotation": ["25+math.cos((q.anim_time)*90*2/1.5-90)*3", 0, 0]
				},
				"tail3": {
					"rotation": ["17.5+math.cos((q.anim_time)*90*2/1.5-90)*3", 0, 0]
				},
				"tail5": {
					"rotation": ["12.5+math.cos((q.anim_time)*90*2/1.5-90)*3", 0, 0]
				},
				"leg_left": {
					"rotation": ["5+math.cos((q.anim_time)*90*2/1.5-90)*3", 0, 0]
				},
				"leg_left2": {
					"rotation": ["35+math.cos((q.anim_time)*90*2/1.5-90)*3", 0, 0]
				},
				"leg_left3": {
					"rotation": [10, 0, 0]
				},
				"foot_left": {
					"rotation": ["12.5+math.cos((q.anim_time)*90*2/1.5-90)*3", 0, 0]
				},
				"bone7": {
					"rotation": [0, 0, -15]
				},
				"bone9": {
					"rotation": [22.5, 0, 0]
				},
				"bone5": {
					"rotation": [17.5, 0, 0]
				},
				"arm_right": {
					"rotation": [0, "30-math.cos((q.anim_time)*90*2/1.5)*5", 0]
				},
				"forearm_right": {
					"rotation": [0, "-60-math.cos((q.anim_time)*90*2/1.5-90)*3", 0]
				},
				"hand_right": {
					"rotation": [0, 0, -15]
				},
				"finger_right2": {
					"rotation": [0, 0, -45]
				},
				"finger_right4": {
					"rotation": [0, 0, -57.5]
				},
				"finger_right": {
					"rotation": [0, 0, -45]
				},
				"finger_right3": {
					"rotation": [0, 0, -57.5]
				},
				"thumb_right": {
					"rotation": [21.12533, 11.1645, -25.81828]
				},
				"thumb_right2": {
					"rotation": [0, 0, -50]
				},
				"leg_right": {
					"rotation": ["-12.5+math.cos((q.anim_time)*90*2/1.5-90)*3", 0, 0]
				},
				"leg_right2": {
					"rotation": [45, 0, 0]
				},
				"leg_right3": {
					"rotation": ["10+math.cos((q.anim_time)*90*2/1.5-90)*3", 0, 0]
				},
				"foot_right": {
					"rotation": ["5+math.cos((q.anim_time)*90*2/1.5-90)*3", 0, 0]
				},
				"bone2": {
					"rotation": [0, 0, 10]
				},
				"bone14": {
					"rotation": [15, 0, 0]
				},
				"bone16": {
					"rotation": [15, 0, 0]
				}
			}
		},
		"animation.mewtwo_mega_x.physical": {
			"animation_length": 2.25,
			"bones": {
				"body": {
					"rotation": {
						"0.0": {
							"post": [0, 0, 0],
							"lerp_mode": "catmullrom"
						},
						"1.0": {
							"post": [0, 0, 0],
							"lerp_mode": "catmullrom"
						},
						"1.125": {
							"post": [0, -65, 0],
							"lerp_mode": "catmullrom"
						},
						"1.4583": {
							"post": [0, -65, 0],
							"lerp_mode": "catmullrom"
						},
						"1.625": {
							"post": [0, 0, 0],
							"lerp_mode": "catmullrom"
						},
						"1.875": {
							"post": [0, 0, 0],
							"lerp_mode": "catmullrom"
						},
						"2.125": {
							"post": [0, 0, 0],
							"lerp_mode": "catmullrom"
						}
					},
					"position": {
						"0.0": [0, -0.5, 0],
						"0.25": [0, -2.5, 0],
						"0.375": {
							"pre": [0, -2.5, 0],
							"post": [0, -2.5, 0],
							"lerp_mode": "catmullrom"
						},
						"0.5": {
							"post": [0, 3.5, 10],
							"lerp_mode": "catmullrom"
						},
						"0.75": [0, -2.5, 24],
						"1.0": [0, -3.5, 24],
						"1.4583": {
							"pre": [0, 2.5, 5],
							"post": [0, 2.5, 5],
							"lerp_mode": "catmullrom"
						},
						"1.625": {
							"post": [0, -2.5, -6],
							"lerp_mode": "catmullrom"
						},
						"1.875": {
							"post": [0, -2.5, -6],
							"lerp_mode": "catmullrom"
						},
						"2.125": {
							"post": [0, -0.5, 0],
							"lerp_mode": "catmullrom"
						}
					}
				},
				"torso": {
					"rotation": {
						"0.0": {
							"post": [12.5, 0, 0],
							"lerp_mode": "catmullrom"
						},
						"0.25": {
							"post": [20, 0, 0],
							"lerp_mode": "catmullrom"
						},
						"0.375": {
							"post": [20, 0, 0],
							"lerp_mode": "catmullrom"
						},
						"0.75": {
							"post": [20, 0, 0],
							"lerp_mode": "catmullrom"
						},
						"1.0": {
							"post": [30, 0, 0],
							"lerp_mode": "catmullrom"
						},
						"1.125": {
							"post": [16.93839, -4.46375, 14.33501],
							"lerp_mode": "catmullrom"
						},
						"1.4583": {
							"post": [16.93839, -4.46375, 14.33501],
							"lerp_mode": "catmullrom"
						},
						"1.625": {
							"post": [20, 0, 0],
							"lerp_mode": "catmullrom"
						},
						"1.875": {
							"post": [20, 0, 0],
							"lerp_mode": "catmullrom"
						},
						"2.125": {
							"post": [12.5, 0, 0],
							"lerp_mode": "catmullrom"
						}
					}
				},
				"tail": {
					"rotation": {
						"0.0": {
							"post": [22.5, 0, 0],
							"lerp_mode": "catmullrom"
						},
						"0.375": {
							"post": [32.5, 0, 0],
							"lerp_mode": "catmullrom"
						},
						"0.75": {
							"post": [11.5, 0, 0],
							"lerp_mode": "catmullrom"
						},
						"1.0": {
							"post": [-2.59, 0, 0],
							"lerp_mode": "catmullrom"
						},
						"1.125": {
							"post": [11.5, 0, 0],
							"lerp_mode": "catmullrom"
						},
						"1.25": {
							"post": [22.5, 0, 0],
							"lerp_mode": "catmullrom"
						},
						"2.125": {
							"post": [22.5, 0, 0],
							"lerp_mode": "catmullrom"
						}
					}
				},
				"tail2": {
					"rotation": {
						"0.0": {
							"post": [17.5, 0, 0],
							"lerp_mode": "catmullrom"
						},
						"0.75": {
							"post": [17.5, 0, 0],
							"lerp_mode": "catmullrom"
						},
						"1.0": {
							"post": [10, 0, 0],
							"lerp_mode": "catmullrom"
						},
						"1.25": {
							"post": [17.5, 0, 0],
							"lerp_mode": "catmullrom"
						},
						"2.125": {
							"post": [17.5, 0, 0],
							"lerp_mode": "catmullrom"
						}
					}
				},
				"tail3": {
					"rotation": {
						"0.0": {
							"post": [17.5, 0, 0],
							"lerp_mode": "catmullrom"
						},
						"0.75": {
							"post": [17.5, 0, 0],
							"lerp_mode": "catmullrom"
						},
						"1.0": {
							"post": [10, 0, 0],
							"lerp_mode": "catmullrom"
						},
						"1.25": {
							"post": [17.5, 0, 0],
							"lerp_mode": "catmullrom"
						},
						"2.125": {
							"post": [17.5, 0, 0],
							"lerp_mode": "catmullrom"
						}
					}
				},
				"tail4": {
					"rotation": {
						"0.0": {
							"post": [12.5, 0, 0],
							"lerp_mode": "catmullrom"
						},
						"2.125": {
							"post": [12.5, 0, 0],
							"lerp_mode": "catmullrom"
						}
					}
				},
				"tail5": {
					"rotation": {
						"0.0": {
							"post": [12.5, 0, 0],
							"lerp_mode": "catmullrom"
						},
						"2.125": {
							"post": [12.5, 0, 0],
							"lerp_mode": "catmullrom"
						}
					}
				},
				"chest": {
					"rotation": {
						"0.0": {
							"post": [0, 0, 0],
							"lerp_mode": "catmullrom"
						},
						"0.25": {
							"post": [10, 0, 0],
							"lerp_mode": "catmullrom"
						},
						"0.375": {
							"post": [10, 0, 0],
							"lerp_mode": "catmullrom"
						},
						"0.75": {
							"post": [10, 0, 0],
							"lerp_mode": "catmullrom"
						},
						"1.125": {
							"post": [16.86042, 23.23728, -14.40147],
							"lerp_mode": "catmullrom"
						},
						"1.4583": {
							"post": [16.86042, 23.23728, -14.40147],
							"lerp_mode": "catmullrom"
						},
						"1.625": {
							"post": [17.5, 0, 0],
							"lerp_mode": "catmullrom"
						},
						"1.875": {
							"post": [17.5, 0, 0],
							"lerp_mode": "catmullrom"
						},
						"2.125": {
							"post": [0, 0, 0],
							"lerp_mode": "catmullrom"
						}
					}
				},
				"head": {
					"rotation": {
						"0.0": {
							"post": [-2.5, 0, 0],
							"lerp_mode": "catmullrom"
						},
						"0.25": {
							"post": [-17.5, 0, 0],
							"lerp_mode": "catmullrom"
						},
						"0.375": {
							"post": [-17.5, 0, 0],
							"lerp_mode": "catmullrom"
						},
						"0.75": {
							"post": [-17.5, 0, 0],
							"lerp_mode": "catmullrom"
						},
						"1.0": {
							"post": [-17.5, 0, 0],
							"lerp_mode": "catmullrom"
						},
						"1.125": {
							"post": [-9.17413, 35.49178, -12.99301],
							"lerp_mode": "catmullrom"
						},
						"1.4583": {
							"post": [-9.17413, 35.49178, -12.99301],
							"lerp_mode": "catmullrom"
						},
						"1.625": {
							"post": [-17.5, 0, 0],
							"lerp_mode": "catmullrom"
						},
						"1.875": {
							"post": [-17.5, 0, 0],
							"lerp_mode": "catmullrom"
						},
						"2.125": {
							"post": [-2.5, 0, 0],
							"lerp_mode": "catmullrom"
						}
					}
				},
				"arm_left": {
					"rotation": {
						"0.0": {
							"post": [3.96713, -14.47751, -0.50409],
							"lerp_mode": "catmullrom"
						},
						"0.25": {
							"post": [4.65796, -34.42238, -2.14787],
							"lerp_mode": "catmullrom"
						},
						"0.375": {
							"post": [4.65796, -34.42238, -2.14787],
							"lerp_mode": "catmullrom"
						},
						"0.5": {
							"post": [5.2486, 16.0013, -5.48549],
							"lerp_mode": "catmullrom"
						},
						"0.75": {
							"post": [4.65796, -34.42238, -2.14787],
							"lerp_mode": "catmullrom"
						},
						"1.0": {
							"post": [5.16314, -41.895, -2.96378],
							"lerp_mode": "catmullrom"
						},
						"1.125": {
							"post": [7.53783, -59.29294, -6.00151],
							"lerp_mode": "catmullrom"
						},
						"1.4583": {
							"post": [7.53783, -59.29294, -6.00151],
							"lerp_mode": "catmullrom"
						},
						"1.625": {
							"post": [4.65796, -34.42238, -2.14787],
							"lerp_mode": "catmullrom"
						},
						"1.875": {
							"post": [4.65796, -34.42238, -2.14787],
							"lerp_mode": "catmullrom"
						},
						"2.125": {
							"post": [3.96713, -14.47751, -0.50409],
							"lerp_mode": "catmullrom"
						}
					}
				},
				"forearm_left": {
					"rotation": {
						"0.0": {
							"post": [0, 52.5, 0],
							"lerp_mode": "catmullrom"
						},
						"0.25": {
							"post": [0, 65, 0],
							"lerp_mode": "catmullrom"
						},
						"0.375": {
							"post": [0, 65, 0],
							"lerp_mode": "catmullrom"
						},
						"0.75": {
							"post": [0, 65, 0],
							"lerp_mode": "catmullrom"
						},
						"1.25": {
							"post": [0, 65, 0],
							"lerp_mode": "catmullrom"
						},
						"1.4583": {
							"post": [0, 37.5, 0],
							"lerp_mode": "catmullrom"
						},
						"1.625": {
							"post": [0, 65, 0],
							"lerp_mode": "catmullrom"
						},
						"1.875": {
							"post": [0, 65, 0],
							"lerp_mode": "catmullrom"
						},
						"2.125": {
							"post": [0, 52.5, 0],
							"lerp_mode": "catmullrom"
						}
					}
				},
				"hand_left": {
					"rotation": {
						"0.0": {
							"post": [0, 0, 10],
							"lerp_mode": "catmullrom"
						},
						"2.125": {
							"post": [0, 0, 10],
							"lerp_mode": "catmullrom"
						}
					},
					"position": {
						"0.0": {
							"post": [0, 0, 0],
							"lerp_mode": "catmullrom"
						},
						"2.125": {
							"post": [0, 0, 0],
							"lerp_mode": "catmullrom"
						}
					}
				},
				"finger_left2": {
					"rotation": {
						"0.0": {
							"post": [0, 0, 45],
							"lerp_mode": "catmullrom"
						},
						"2.125": {
							"post": [0, 0, 45],
							"lerp_mode": "catmullrom"
						}
					}
				},
				"finger_left4": {
					"rotation": {
						"0.0": {
							"post": [0, 0, 52.5],
							"lerp_mode": "catmullrom"
						},
						"2.125": {
							"post": [0, 0, 52.5],
							"lerp_mode": "catmullrom"
						}
					}
				},
				"finger_left": {
					"rotation": {
						"0.0": {
							"post": [0, 0, 45],
							"lerp_mode": "catmullrom"
						},
						"2.125": {
							"post": [0, 0, 45],
							"lerp_mode": "catmullrom"
						}
					}
				},
				"finger_left3": {
					"rotation": {
						"0.0": {
							"post": [0, 0, 52.5],
							"lerp_mode": "catmullrom"
						},
						"2.125": {
							"post": [0, 0, 52.5],
							"lerp_mode": "catmullrom"
						}
					}
				},
				"thumb_left": {
					"rotation": {
						"0.0": {
							"post": [21.12533, -11.1645, 23.31828],
							"lerp_mode": "catmullrom"
						},
						"2.125": {
							"post": [21.12533, -11.1645, 23.31828],
							"lerp_mode": "catmullrom"
						}
					}
				},
				"thumb_left2": {
					"rotation": {
						"0.0": {
							"post": [0, 0, 47.5],
							"lerp_mode": "catmullrom"
						},
						"2.125": {
							"post": [0, 0, 47.5],
							"lerp_mode": "catmullrom"
						}
					}
				},
				"arm_right": {
					"rotation": {
						"0.0": {
							"post": [3.96713, 14.47751, 3.00409],
							"lerp_mode": "catmullrom"
						},
						"0.25": {
							"post": [4.97348, 39.40477, 5.1727],
							"lerp_mode": "catmullrom"
						},
						"0.375": {
							"post": [4.97348, 39.40477, 5.1727],
							"lerp_mode": "catmullrom"
						},
						"0.5": {
							"post": [7.11626, -13.53318, 7.20842],
							"lerp_mode": "catmullrom"
						},
						"0.75": {
							"post": [4.97348, 39.40477, 5.1727],
							"lerp_mode": "catmullrom"
						},
						"1.0": {
							"post": [5.37839, 44.38444, 5.77848],
							"lerp_mode": "catmullrom"
						},
						"1.125": {
							"post": [6.59671, 54.33072, 7.37802],
							"lerp_mode": "catmullrom"
						},
						"1.4583": {
							"post": [6.59671, 54.33072, 7.37802],
							"lerp_mode": "catmullrom"
						},
						"1.625": {
							"post": [4.97348, 39.40477, 5.1727],
							"lerp_mode": "catmullrom"
						},
						"1.875": {
							"post": [4.97348, 39.40477, 5.1727],
							"lerp_mode": "catmullrom"
						},
						"2.125": {
							"post": [3.96713, 14.47751, 3.00409],
							"lerp_mode": "catmullrom"
						}
					}
				},
				"forearm_right": {
					"rotation": {
						"0.0": {
							"post": [0, -62.5, 0],
							"lerp_mode": "catmullrom"
						},
						"0.25": {
							"post": [0, -77.5, 0],
							"lerp_mode": "catmullrom"
						},
						"0.375": {
							"post": [0, -77.5, 0],
							"lerp_mode": "catmullrom"
						},
						"0.75": {
							"post": [0, -77.5, 0],
							"lerp_mode": "catmullrom"
						},
						"1.125": {
							"post": [0, -52.5, 0],
							"lerp_mode": "catmullrom"
						},
						"1.4583": {
							"post": [0, -52.5, 0],
							"lerp_mode": "catmullrom"
						},
						"1.625": {
							"post": [0, -77.5, 0],
							"lerp_mode": "catmullrom"
						},
						"1.875": {
							"post": [0, -77.5, 0],
							"lerp_mode": "catmullrom"
						},
						"2.125": {
							"post": [0, -62.5, 0],
							"lerp_mode": "catmullrom"
						}
					}
				},
				"hand_right": {
					"rotation": {
						"0.0": {
							"post": [0, 0, -15],
							"lerp_mode": "catmullrom"
						},
						"2.125": {
							"post": [0, 0, -15],
							"lerp_mode": "catmullrom"
						}
					},
					"position": {
						"0.0": {
							"post": [0, 0, 0],
							"lerp_mode": "catmullrom"
						},
						"2.125": {
							"post": [0, 0, 0],
							"lerp_mode": "catmullrom"
						}
					}
				},
				"finger_right2": {
					"rotation": {
						"0.0": {
							"post": [0, 0, -45],
							"lerp_mode": "catmullrom"
						},
						"2.125": {
							"post": [0, 0, -45],
							"lerp_mode": "catmullrom"
						}
					}
				},
				"finger_right4": {
					"rotation": {
						"0.0": {
							"post": [0, 0, -60],
							"lerp_mode": "catmullrom"
						},
						"2.125": {
							"post": [0, 0, -60],
							"lerp_mode": "catmullrom"
						}
					}
				},
				"finger_right": {
					"rotation": {
						"0.0": {
							"post": [0, 0, -45],
							"lerp_mode": "catmullrom"
						},
						"2.125": {
							"post": [0, 0, -45],
							"lerp_mode": "catmullrom"
						}
					}
				},
				"finger_right3": {
					"rotation": {
						"0.0": {
							"post": [0, 0, -60],
							"lerp_mode": "catmullrom"
						},
						"2.125": {
							"post": [0, 0, -60],
							"lerp_mode": "catmullrom"
						}
					}
				},
				"thumb_right": {
					"rotation": {
						"0.0": {
							"post": [21.12533, 11.1645, -25.81828],
							"lerp_mode": "catmullrom"
						},
						"2.125": {
							"post": [21.12533, 11.1645, -25.81828],
							"lerp_mode": "catmullrom"
						}
					}
				},
				"thumb_right2": {
					"rotation": {
						"0.0": {
							"post": [0, 0, -50],
							"lerp_mode": "catmullrom"
						},
						"2.125": {
							"post": [0, 0, -50],
							"lerp_mode": "catmullrom"
						}
					}
				},
				"leg_left": {
					"rotation": {
						"0.0": {
							"post": [7.5, -15, 0],
							"lerp_mode": "catmullrom"
						},
						"0.25": {
							"post": [-5, -15, 0],
							"lerp_mode": "catmullrom"
						},
						"0.375": {
							"post": [-5, -15, 0],
							"lerp_mode": "catmullrom"
						},
						"0.5": {
							"post": [-25, -15, 0],
							"lerp_mode": "catmullrom"
						},
						"0.75": {
							"post": [-5, -15, 0],
							"lerp_mode": "catmullrom"
						},
						"1.0": {
							"post": [-12.5, -15, 0],
							"lerp_mode": "catmullrom"
						},
						"1.125": {
							"post": [-9.61468, -23.75984, -16.08714],
							"lerp_mode": "catmullrom"
						},
						"1.25": {
							"post": [-29.61468, -23.75984, -16.08714],
							"lerp_mode": "catmullrom"
						},
						"1.4583": {
							"post": [-29.61468, -23.75984, -16.08714],
							"lerp_mode": "catmullrom"
						},
						"1.625": {
							"post": [-30, -15, 0],
							"lerp_mode": "catmullrom"
						},
						"1.875": {
							"post": [-30, -15, 0],
							"lerp_mode": "catmullrom"
						},
						"2.0": {
							"post": [-33.75, -15, 0],
							"lerp_mode": "catmullrom"
						},
						"2.125": {
							"post": [7.5, -15, 0],
							"lerp_mode": "catmullrom"
						}
					}
				},
				"leg_left2": {
					"rotation": {
						"0.0": {
							"post": [0, 0, 0],
							"lerp_mode": "catmullrom"
						},
						"0.25": {
							"post": [30, 0, 0],
							"lerp_mode": "catmullrom"
						},
						"0.375": {
							"post": [30, 0, 0],
							"lerp_mode": "catmullrom"
						},
						"0.75": {
							"post": [30, 0, 0],
							"lerp_mode": "catmullrom"
						},
						"1.0": {
							"post": [42.5, 0, 0],
							"lerp_mode": "catmullrom"
						},
						"1.125": {
							"post": [37.5, 0, 0],
							"lerp_mode": "catmullrom"
						},
						"1.25": {
							"post": [69.22, 0, 0],
							"lerp_mode": "catmullrom"
						},
						"1.4583": {
							"post": [67.5, 0, 0],
							"lerp_mode": "catmullrom"
						},
						"1.625": {
							"post": [22.5, 0, 0],
							"lerp_mode": "catmullrom"
						},
						"1.875": {
							"post": [22.5, 0, 0],
							"lerp_mode": "catmullrom"
						},
						"2.0": {
							"post": [33.75, 0, 0],
							"lerp_mode": "catmullrom"
						},
						"2.125": {
							"post": [0, 0, 0],
							"lerp_mode": "catmullrom"
						}
					}
				},
				"leg_left3": {
					"rotation": {
						"0.0": {
							"post": [7.5, 0, 0],
							"lerp_mode": "catmullrom"
						},
						"0.25": {
							"post": [-5.0193, -2.30959, 0.95723],
							"lerp_mode": "catmullrom"
						},
						"0.375": {
							"post": [-5.0193, -2.30959, 0.95723],
							"lerp_mode": "catmullrom"
						},
						"0.75": {
							"post": [-5.0193, -2.30959, 0.95723],
							"lerp_mode": "catmullrom"
						},
						"1.625": {
							"post": [-5.0193, -2.30959, 0.95723],
							"lerp_mode": "catmullrom"
						},
						"1.875": {
							"post": [-5.0193, -2.30959, 0.95723],
							"lerp_mode": "catmullrom"
						},
						"2.125": {
							"post": [7.5, 0, 0],
							"lerp_mode": "catmullrom"
						}
					}
				},
				"foot_left": {
					"rotation": {
						"0.0": {
							"post": [-16.26027, -24.45215, 16.72007],
							"lerp_mode": "catmullrom"
						},
						"0.25": {
							"post": [-18.76027, -24.45215, 16.72007],
							"lerp_mode": "catmullrom"
						},
						"0.375": {
							"post": [-18.76027, -24.45215, 16.72007],
							"lerp_mode": "catmullrom"
						},
						"0.75": {
							"post": [-18.76027, -24.45215, 16.72007],
							"lerp_mode": "catmullrom"
						},
						"1.0": {
							"post": [-25.72713, -22.35795, 21.66811],
							"lerp_mode": "catmullrom"
						},
						"1.125": {
							"post": [11.23973, -24.45215, 16.72007],
							"lerp_mode": "catmullrom"
						},
						"1.4583": {
							"post": [23.73973, -24.45215, 16.72007],
							"lerp_mode": "catmullrom"
						},
						"1.625": {
							"post": [16.40227, -21.45178, 3.53548],
							"lerp_mode": "catmullrom"
						},
						"1.875": {
							"post": [16.40227, -21.45178, 3.53548],
							"lerp_mode": "catmullrom"
						},
						"2.125": {
							"post": [-16.26027, -24.45215, 16.72007],
							"lerp_mode": "catmullrom"
						}
					}
				},
				"bone7": {
					"rotation": {
						"0.0": {
							"post": [0, 0, -10],
							"lerp_mode": "catmullrom"
						},
						"0.5417": {
							"post": [0, 0, -20],
							"lerp_mode": "catmullrom"
						},
						"0.75": {
							"post": [0, 0, -10],
							"lerp_mode": "catmullrom"
						},
						"2.125": {
							"post": [0, 0, -10],
							"lerp_mode": "catmullrom"
						}
					}
				},
				"bone8": {
					"rotation": {
						"0.0": {
							"post": [0, 0, 20],
							"lerp_mode": "catmullrom"
						},
						"0.75": {
							"post": [0, 0, 20],
							"lerp_mode": "catmullrom"
						},
						"2.125": {
							"post": [0, 0, 20],
							"lerp_mode": "catmullrom"
						}
					}
				},
				"bone9": {
					"rotation": {
						"0.0": [0, 0, 0],
						"0.5417": [17.5, 0, 0],
						"0.75": [0, 0, 0]
					}
				},
				"bone10": {
					"rotation": {
						"0.0": {
							"post": [-15, 0, 0],
							"lerp_mode": "catmullrom"
						},
						"2.125": {
							"post": [-15, 0, 0],
							"lerp_mode": "catmullrom"
						}
					}
				},
				"bone5": {
					"rotation": {
						"0.0": [0, 0, 0],
						"0.5417": [20, 0, 0],
						"0.75": [0, 0, 0]
					}
				},
				"bone6": {
					"rotation": {
						"0.0": {
							"post": [-15, 0, 0],
							"lerp_mode": "catmullrom"
						},
						"2.125": {
							"post": [-15, 0, 0],
							"lerp_mode": "catmullrom"
						}
					}
				},
				"leg_right": {
					"rotation": {
						"0.0": {
							"post": [-12.5, 10, 0],
							"lerp_mode": "catmullrom"
						},
						"0.25": {
							"post": [-32.5, 10, 0],
							"lerp_mode": "catmullrom"
						},
						"0.375": {
							"post": [-32.5, 10, 0],
							"lerp_mode": "catmullrom"
						},
						"0.5": {
							"post": [-47.5, 10, 0],
							"lerp_mode": "catmullrom"
						},
						"0.75": [-32.5, 10, 0],
						"1.0": {
							"pre": [-40, 10, 0],
							"post": [-40, 10, 0],
							"lerp_mode": "catmullrom"
						},
						"1.125": {
							"post": [-14.33431, 30.19564, 55.16244],
							"lerp_mode": "catmullrom"
						},
						"1.25": {
							"post": [-38.32408, 39.26666, 65.65893],
							"lerp_mode": "catmullrom"
						},
						"1.5": {
							"post": [-38.32408, 39.26666, 65.65893],
							"lerp_mode": "catmullrom"
						},
						"1.625": {
							"post": [-7.5, 10, 0],
							"lerp_mode": "catmullrom"
						},
						"1.875": {
							"post": [-7.5, 10, 0],
							"lerp_mode": "catmullrom"
						},
						"2.125": {
							"post": [-12.5, 10, 0],
							"lerp_mode": "catmullrom"
						}
					}
				},
				"leg_right2": {
					"rotation": {
						"0.0": {
							"post": [7.5, 0, 0],
							"lerp_mode": "catmullrom"
						},
						"0.25": {
							"post": [32.5, 0, 0],
							"lerp_mode": "catmullrom"
						},
						"0.375": {
							"post": [32.5, 0, 0],
							"lerp_mode": "catmullrom"
						},
						"0.75": {
							"post": [32.5, 0, 0],
							"lerp_mode": "catmullrom"
						},
						"0.9167": {
							"post": [32.5, 0, 0],
							"lerp_mode": "catmullrom"
						},
						"1.0": {
							"post": [42.5, 0, 0],
							"lerp_mode": "catmullrom"
						},
						"1.125": {
							"post": [70, 0, 0],
							"lerp_mode": "catmullrom"
						},
						"1.25": {
							"post": [0, 0, 0],
							"lerp_mode": "catmullrom"
						},
						"1.4583": {
							"post": [0, 0, 0],
							"lerp_mode": "catmullrom"
						},
						"1.625": {
							"post": [32.5, 0, 0],
							"lerp_mode": "catmullrom"
						},
						"1.875": {
							"post": [32.5, 0, 0],
							"lerp_mode": "catmullrom"
						},
						"2.125": {
							"post": [7.5, 0, 0],
							"lerp_mode": "catmullrom"
						}
					},
					"scale": {
						"0.0": {
							"post": [1, 1, 1],
							"lerp_mode": "catmullrom"
						},
						"0.75": {
							"post": [1, 1, 1],
							"lerp_mode": "catmullrom"
						},
						"0.9167": {
							"post": [1, 1, 1],
							"lerp_mode": "catmullrom"
						},
						"1.0": {
							"post": [1, 1, 1],
							"lerp_mode": "catmullrom"
						},
						"1.125": {
							"post": [1, 1, 1],
							"lerp_mode": "catmullrom"
						},
						"1.25": {
							"post": [1, 2.1, 1],
							"lerp_mode": "catmullrom"
						},
						"1.4583": {
							"post": [1, 2.1, 1],
							"lerp_mode": "catmullrom"
						},
						"1.5417": {
							"post": [1, 1, 1],
							"lerp_mode": "catmullrom"
						},
						"1.625": {
							"post": [1, 1, 1],
							"lerp_mode": "catmullrom"
						},
						"1.875": {
							"post": [1, 1, 1],
							"lerp_mode": "catmullrom"
						},
						"2.125": {
							"post": [1, 1, 1],
							"lerp_mode": "catmullrom"
						}
					}
				},
				"leg_right3": {
					"rotation": {
						"0.0": {
							"post": [5, 0, 0],
							"lerp_mode": "catmullrom"
						},
						"1.0": {
							"post": [5, 0, 0],
							"lerp_mode": "catmullrom"
						},
						"1.0417": {
							"post": [5, 0, 0],
							"lerp_mode": "catmullrom"
						},
						"1.125": {
							"post": [12.5, 0, 0],
							"lerp_mode": "catmullrom"
						},
						"1.4583": {
							"post": [12.5, 0, 0],
							"lerp_mode": "catmullrom"
						},
						"1.625": {
							"post": [5, 0, 0],
							"lerp_mode": "catmullrom"
						},
						"1.875": {
							"post": [5, 0, 0],
							"lerp_mode": "catmullrom"
						},
						"2.125": {
							"post": [5, 0, 0],
							"lerp_mode": "catmullrom"
						}
					}
				},
				"foot_right": {
					"rotation": {
						"0.0": {
							"post": [2.5, 0, -12.5],
							"lerp_mode": "catmullrom"
						},
						"0.25": {
							"post": [-5, 0, -12.5],
							"lerp_mode": "catmullrom"
						},
						"0.375": {
							"post": [-5, 0, -12.5],
							"lerp_mode": "catmullrom"
						},
						"0.75": [-5, 0, -12.5],
						"1.0": {
							"pre": [-8.7037, 0, -12.5],
							"post": [-8.7037, 0, -12.5],
							"lerp_mode": "catmullrom"
						},
						"1.125": {
							"post": [7.5, 0, -12.5],
							"lerp_mode": "catmullrom"
						},
						"1.4583": {
							"post": [7.5, 0, -12.5],
							"lerp_mode": "catmullrom"
						},
						"1.625": {
							"post": [-25, 0, -12.5],
							"lerp_mode": "catmullrom"
						},
						"1.875": {
							"post": [-25, 0, -12.5],
							"lerp_mode": "catmullrom"
						},
						"2.125": {
							"post": [2.5, 0, -12.5],
							"lerp_mode": "catmullrom"
						}
					}
				},
				"bone2": {
					"rotation": {
						"0.0": {
							"post": [0, 0, 12.5],
							"lerp_mode": "catmullrom"
						},
						"0.25": {
							"post": [0, 0, 12.5],
							"lerp_mode": "catmullrom"
						},
						"0.5417": {
							"post": [0, 0, 31.2],
							"lerp_mode": "catmullrom"
						},
						"0.75": {
							"post": [0, 0, 12.5],
							"lerp_mode": "catmullrom"
						},
						"1.625": {
							"post": [0, 0, 25],
							"lerp_mode": "catmullrom"
						},
						"1.875": {
							"post": [0, 0, 25],
							"lerp_mode": "catmullrom"
						},
						"2.125": {
							"post": [0, 0, 12.5],
							"lerp_mode": "catmullrom"
						}
					}
				},
				"bone13": {
					"rotation": {
						"0.0": {
							"post": [0, 0, -15],
							"lerp_mode": "catmullrom"
						},
						"2.125": {
							"post": [0, 0, -15],
							"lerp_mode": "catmullrom"
						}
					}
				},
				"bone14": {
					"rotation": {
						"0.0": [0, 0, 0],
						"0.25": [0, 0, 0],
						"0.5417": [12.5, 0, 0],
						"0.75": [0, 0, 0]
					}
				},
				"bone15": {
					"rotation": {
						"0.0": {
							"post": [-15, 0, 0],
							"lerp_mode": "catmullrom"
						},
						"2.125": {
							"post": [-15, 0, 0],
							"lerp_mode": "catmullrom"
						}
					}
				},
				"bone16": {
					"rotation": {
						"0.0": {
							"post": [-2.5, 0, 0],
							"lerp_mode": "catmullrom"
						},
						"0.25": {
							"post": [-2.5, 0, 0],
							"lerp_mode": "catmullrom"
						},
						"0.5417": {
							"post": [15, 0, 0],
							"lerp_mode": "catmullrom"
						},
						"0.75": {
							"post": [-2.5, 0, 0],
							"lerp_mode": "catmullrom"
						},
						"2.125": {
							"post": [-2.5, 0, 0],
							"lerp_mode": "catmullrom"
						}
					}
				},
				"bone17": {
					"rotation": {
						"0.0": {
							"post": [-12.5, 0, 0],
							"lerp_mode": "catmullrom"
						},
						"2.125": {
							"post": [-12.5, 0, 0],
							"lerp_mode": "catmullrom"
						}
					}
				}
			}
		},
		"animation.mewtwo_mega_x.special": {
			"animation_length": 2.375,
			"bones": {
				"body": {
					"position": {
						"0.0": [0, -0.5, 0],
						"0.25": [0, -2.5, 0],
						"0.4583": {
							"pre": [0, 3.5, 0],
							"post": [0, 3.5, 0],
							"lerp_mode": "catmullrom"
						},
						"0.9583": {
							"post": [0, 3.5, 0],
							"lerp_mode": "catmullrom"
						},
						"1.125": {
							"post": [0, 3.5, 0],
							"lerp_mode": "catmullrom"
						},
						"1.7083": {
							"post": [0, 3.5, 0],
							"lerp_mode": "catmullrom"
						},
						"2.0": [0, -2.5, 0],
						"2.375": [0, -0.5, 0]
					}
				},
				"torso": {
					"rotation": {
						"0.0": {
							"post": [12.5, 0, 0],
							"lerp_mode": "catmullrom"
						},
						"0.25": {
							"post": [20, 0, 0],
							"lerp_mode": "catmullrom"
						},
						"0.9583": {
							"post": [20, 0, 0],
							"lerp_mode": "catmullrom"
						},
						"1.125": {
							"post": [-2.5, 0, 0],
							"lerp_mode": "catmullrom"
						},
						"1.7083": {
							"post": [-2.5, 0, 0],
							"lerp_mode": "catmullrom"
						},
						"2.0": {
							"post": [20, 0, 0],
							"lerp_mode": "catmullrom"
						},
						"2.375": {
							"post": [12.5, 0, 0],
							"lerp_mode": "catmullrom"
						}
					}
				},
				"tail": {
					"rotation": {
						"0.0": {
							"post": [22.5, 0, 0],
							"lerp_mode": "catmullrom"
						},
						"0.9583": {
							"post": [22.5, 0, 0],
							"lerp_mode": "catmullrom"
						},
						"1.5": {
							"post": [10, 0, 0],
							"lerp_mode": "catmullrom"
						},
						"2.0": {
							"post": [10, 0, 0],
							"lerp_mode": "catmullrom"
						},
						"2.1667": {
							"post": [22.88, 0, 0],
							"lerp_mode": "catmullrom"
						},
						"2.375": {
							"post": [22.5, 0, 0],
							"lerp_mode": "catmullrom"
						}
					}
				},
				"tail2": {
					"rotation": {
						"0.0": {
							"post": [17.5, 0, 0],
							"lerp_mode": "catmullrom"
						},
						"0.5": {
							"post": [30, 0, 0],
							"lerp_mode": "catmullrom"
						},
						"0.9583": {
							"post": [30, 0, 0],
							"lerp_mode": "catmullrom"
						},
						"1.5": {
							"post": [10.94, 0, 0],
							"lerp_mode": "catmullrom"
						},
						"2.0": {
							"post": [10.94, 0, 0],
							"lerp_mode": "catmullrom"
						},
						"2.1667": {
							"post": [21.27, 0, 0],
							"lerp_mode": "catmullrom"
						},
						"2.375": {
							"post": [17.5, 0, 0],
							"lerp_mode": "catmullrom"
						}
					}
				},
				"tail3": {
					"rotation": {
						"0.0": {
							"post": [17.5, 0, 0],
							"lerp_mode": "catmullrom"
						},
						"0.5": {
							"post": [20, 0, 0],
							"lerp_mode": "catmullrom"
						},
						"0.9583": {
							"post": [20, 0, 0],
							"lerp_mode": "catmullrom"
						},
						"1.5": {
							"post": [18.69, 0, 0],
							"lerp_mode": "catmullrom"
						},
						"2.0": {
							"post": [18.69, 0, 0],
							"lerp_mode": "catmullrom"
						},
						"2.375": {
							"post": [17.5, 0, 0],
							"lerp_mode": "catmullrom"
						}
					}
				},
				"tail4": {
					"rotation": {
						"0.0": {
							"post": [12.5, 0, 0],
							"lerp_mode": "catmullrom"
						},
						"0.5": {
							"post": [17.5, 0, 0],
							"lerp_mode": "catmullrom"
						},
						"0.9583": {
							"post": [17.5, 0, 0],
							"lerp_mode": "catmullrom"
						},
						"2.0": {
							"post": [12.5, 0, 0],
							"lerp_mode": "catmullrom"
						},
						"2.1667": {
							"post": [22.16, 0, 0],
							"lerp_mode": "catmullrom"
						},
						"2.375": {
							"post": [12.5, 0, 0],
							"lerp_mode": "catmullrom"
						}
					}
				},
				"tail5": {
					"rotation": {
						"0.0": {
							"post": [12.5, 0, 0],
							"lerp_mode": "catmullrom"
						},
						"0.9583": {
							"post": [12.5, 0, 0],
							"lerp_mode": "catmullrom"
						},
						"2.0": {
							"post": [12.5, 0, 0],
							"lerp_mode": "catmullrom"
						},
						"2.375": {
							"post": [12.5, 0, 0],
							"lerp_mode": "catmullrom"
						}
					}
				},
				"chest": {
					"rotation": {
						"0.0": {
							"post": [0, 0, 0],
							"lerp_mode": "catmullrom"
						},
						"0.25": {
							"post": [10, 0, 0],
							"lerp_mode": "catmullrom"
						},
						"0.9583": {
							"post": [10, 0, 0],
							"lerp_mode": "catmullrom"
						},
						"1.125": {
							"post": [12.5, 0, 0],
							"lerp_mode": "catmullrom"
						},
						"1.7083": {
							"post": [12.5, 0, 0],
							"lerp_mode": "catmullrom"
						},
						"2.0": {
							"post": [10, 0, 0],
							"lerp_mode": "catmullrom"
						},
						"2.375": {
							"post": [0, 0, 0],
							"lerp_mode": "catmullrom"
						}
					}
				},
				"head": {
					"rotation": {
						"0.0": {
							"post": [-2.5, 0, 0],
							"lerp_mode": "catmullrom"
						},
						"0.25": {
							"post": [-17.5, 0, 0],
							"lerp_mode": "catmullrom"
						},
						"0.4583": {
							"post": [22.5, 0, 0],
							"lerp_mode": "catmullrom"
						},
						"0.9583": {
							"post": [22.5, 0, 0],
							"lerp_mode": "catmullrom"
						},
						"1.125": {
							"post": [-5, 0, 0],
							"lerp_mode": "catmullrom"
						},
						"1.7083": {
							"post": [-5, 0, 0],
							"lerp_mode": "catmullrom"
						},
						"2.0": {
							"post": [-17.5, 0, 0],
							"lerp_mode": "catmullrom"
						},
						"2.375": {
							"post": [-2.5, 0, 0],
							"lerp_mode": "catmullrom"
						}
					}
				},
				"arm_left": {
					"rotation": {
						"0.0": {
							"post": [3.96713, -14.47751, -0.50409],
							"lerp_mode": "catmullrom"
						},
						"0.25": {
							"post": [4.65796, -34.42238, -2.14787],
							"lerp_mode": "catmullrom"
						},
						"0.4583": {
							"post": [6.22503, -51.84633, -4.41326],
							"lerp_mode": "catmullrom"
						},
						"0.9583": {
							"post": [6.22503, -51.84633, -4.41326],
							"lerp_mode": "catmullrom"
						},
						"1.125": {
							"post": [-32.4467, 60.77168, -34.37194],
							"lerp_mode": "catmullrom"
						},
						"1.7083": {
							"post": [-32.4467, 60.77168, -34.37194],
							"lerp_mode": "catmullrom"
						},
						"2.0": {
							"post": [4.65796, -34.42238, -2.14787],
							"lerp_mode": "catmullrom"
						},
						"2.375": {
							"post": [3.96713, -14.47751, -0.50409],
							"lerp_mode": "catmullrom"
						}
					}
				},
				"forearm_left": {
					"rotation": {
						"0.0": {
							"post": [0, 52.5, 0],
							"lerp_mode": "catmullrom"
						},
						"0.25": {
							"post": [0, 65, 0],
							"lerp_mode": "catmullrom"
						},
						"0.4583": {
							"post": [0, 85, 0],
							"lerp_mode": "catmullrom"
						},
						"0.9583": {
							"post": [0, 85, 0],
							"lerp_mode": "catmullrom"
						},
						"1.125": {
							"post": [0, 10, 0],
							"lerp_mode": "catmullrom"
						},
						"1.7083": {
							"post": [0, 10, 0],
							"lerp_mode": "catmullrom"
						},
						"2.0": {
							"post": [0, 65, 0],
							"lerp_mode": "catmullrom"
						},
						"2.375": {
							"post": [0, 52.5, 0],
							"lerp_mode": "catmullrom"
						}
					}
				},
				"hand_left": {
					"rotation": {
						"0.0": {
							"post": [0, 0, 10],
							"lerp_mode": "catmullrom"
						},
						"0.9583": {
							"post": [0, 0, 10],
							"lerp_mode": "catmullrom"
						},
						"1.125": {
							"post": [0, 0, -7.5],
							"lerp_mode": "catmullrom"
						},
						"1.7083": {
							"post": [0, 0, -7.5],
							"lerp_mode": "catmullrom"
						},
						"2.0": {
							"post": [0, 0, 10],
							"lerp_mode": "catmullrom"
						},
						"2.375": {
							"post": [0, 0, 10],
							"lerp_mode": "catmullrom"
						}
					},
					"position": {
						"0.0": {
							"post": [0, 0, 0],
							"lerp_mode": "catmullrom"
						},
						"0.9583": {
							"post": [0, 0, 0],
							"lerp_mode": "catmullrom"
						},
						"1.125": {
							"post": [-0.5, 0, 0],
							"lerp_mode": "catmullrom"
						},
						"1.7083": {
							"post": [-0.5, 0, 0],
							"lerp_mode": "catmullrom"
						},
						"2.0": {
							"post": [0, 0, 0],
							"lerp_mode": "catmullrom"
						},
						"2.375": {
							"post": [0, 0, 0],
							"lerp_mode": "catmullrom"
						}
					}
				},
				"finger_left2": {
					"rotation": {
						"0.0": {
							"post": [0, 0, 45],
							"lerp_mode": "catmullrom"
						},
						"0.9583": {
							"post": [0, 0, 45],
							"lerp_mode": "catmullrom"
						},
						"1.125": {
							"post": [2.00307, -14.8687, -7.7614],
							"lerp_mode": "catmullrom"
						},
						"1.7083": {
							"post": [2.00307, -14.8687, -7.7614],
							"lerp_mode": "catmullrom"
						},
						"2.0": {
							"post": [0, 0, 45],
							"lerp_mode": "catmullrom"
						},
						"2.375": {
							"post": [0, 0, 45],
							"lerp_mode": "catmullrom"
						}
					}
				},
				"finger_left4": {
					"rotation": {
						"0.0": {
							"post": [0, 0, 52.5],
							"lerp_mode": "catmullrom"
						},
						"0.9583": {
							"post": [0, 0, 52.5],
							"lerp_mode": "catmullrom"
						},
						"1.125": [0, 0, -15],
						"1.7083": [0, 0, -15],
						"2.0": {
							"pre": [0, 0, 52.5],
							"post": [0, 0, 52.5],
							"lerp_mode": "catmullrom"
						},
						"2.375": {
							"post": [0, 0, 52.5],
							"lerp_mode": "catmullrom"
						}
					}
				},
				"finger_left": {
					"rotation": {
						"0.0": {
							"post": [0, 0, 45],
							"lerp_mode": "catmullrom"
						},
						"0.9583": {
							"post": [0, 0, 45],
							"lerp_mode": "catmullrom"
						},
						"1.125": {
							"post": [0, 22.5, 0],
							"lerp_mode": "catmullrom"
						},
						"1.7083": {
							"post": [1.03509, 22.47741, 2.70569],
							"lerp_mode": "catmullrom"
						},
						"2.0": {
							"post": [0, 0, 45],
							"lerp_mode": "catmullrom"
						},
						"2.375": {
							"post": [0, 0, 45],
							"lerp_mode": "catmullrom"
						}
					}
				},
				"finger_left3": {
					"rotation": {
						"0.0": {
							"post": [0, 0, 52.5],
							"lerp_mode": "catmullrom"
						},
						"0.9583": {
							"post": [0, 0, 52.5],
							"lerp_mode": "catmullrom"
						},
						"1.125": [0, 0, -10],
						"1.7083": [0, 0, -10],
						"2.0": {
							"pre": [0, 0, 52.5],
							"post": [0, 0, 52.5],
							"lerp_mode": "catmullrom"
						},
						"2.375": {
							"post": [0, 0, 52.5],
							"lerp_mode": "catmullrom"
						}
					}
				},
				"thumb_left": {
					"rotation": {
						"0.0": {
							"post": [21.12533, -11.1645, 23.31828],
							"lerp_mode": "catmullrom"
						},
						"0.9583": {
							"post": [21.12533, -11.1645, 23.31828],
							"lerp_mode": "catmullrom"
						},
						"1.125": {
							"post": [-26.96744, 18.72072, -31.39179],
							"lerp_mode": "catmullrom"
						},
						"1.7083": {
							"post": [-26.96744, 18.72072, -31.39179],
							"lerp_mode": "catmullrom"
						},
						"2.0": {
							"post": [21.12533, -11.1645, 23.31828],
							"lerp_mode": "catmullrom"
						},
						"2.375": {
							"post": [21.12533, -11.1645, 23.31828],
							"lerp_mode": "catmullrom"
						}
					}
				},
				"thumb_left2": {
					"rotation": {
						"0.0": {
							"post": [0, 0, 47.5],
							"lerp_mode": "catmullrom"
						},
						"0.9583": {
							"post": [0, 0, 47.5],
							"lerp_mode": "catmullrom"
						},
						"1.125": [0, 0, -15],
						"1.7083": [0, 0, -15],
						"2.0": {
							"pre": [0, 0, 47.5],
							"post": [0, 0, 47.5],
							"lerp_mode": "catmullrom"
						},
						"2.375": {
							"post": [0, 0, 47.5],
							"lerp_mode": "catmullrom"
						}
					}
				},
				"arm_right": {
					"rotation": {
						"0.0": {
							"post": [3.96713, 14.47751, 3.00409],
							"lerp_mode": "catmullrom"
						},
						"0.25": {
							"post": [4.97348, 39.40477, 5.1727],
							"lerp_mode": "catmullrom"
						},
						"0.4583": {
							"post": [-4.62161, 44.38444, 5.77848],
							"lerp_mode": "catmullrom"
						},
						"0.9583": {
							"post": [-4.62161, 44.38444, 5.77848],
							"lerp_mode": "catmullrom"
						},
						"1.125": {
							"post": [-25.46516, -65.55435, 35.29867],
							"lerp_mode": "catmullrom"
						},
						"1.7083": {
							"post": [-25.46516, -65.55435, 35.29867],
							"lerp_mode": "catmullrom"
						},
						"2.0": {
							"post": [4.97348, 39.40477, 5.1727],
							"lerp_mode": "catmullrom"
						},
						"2.375": {
							"post": [3.96713, 14.47751, 3.00409],
							"lerp_mode": "catmullrom"
						}
					}
				},
				"forearm_right": {
					"rotation": {
						"0.0": {
							"post": [0, -62.5, 0],
							"lerp_mode": "catmullrom"
						},
						"0.25": {
							"post": [0, -77.5, 0],
							"lerp_mode": "catmullrom"
						},
						"0.4583": {
							"post": [0, -87.5, 0],
							"lerp_mode": "catmullrom"
						},
						"0.9583": {
							"post": [0, -87.5, 0],
							"lerp_mode": "catmullrom"
						},
						"1.125": {
							"post": [0, -5, 0],
							"lerp_mode": "catmullrom"
						},
						"1.7083": {
							"post": [0, -5, 0],
							"lerp_mode": "catmullrom"
						},
						"2.0": {
							"post": [0, -77.5, 0],
							"lerp_mode": "catmullrom"
						},
						"2.375": {
							"post": [0, -62.5, 0],
							"lerp_mode": "catmullrom"
						}
					}
				},
				"hand_right": {
					"rotation": {
						"0.0": {
							"post": [0, 0, -15],
							"lerp_mode": "catmullrom"
						},
						"0.9583": {
							"post": [0, 0, -15],
							"lerp_mode": "catmullrom"
						},
						"1.125": {
							"post": [0, 0, 7.5],
							"lerp_mode": "catmullrom"
						},
						"1.7083": {
							"post": [0, 0, 7.5],
							"lerp_mode": "catmullrom"
						},
						"2.0": {
							"post": [0, 0, -15],
							"lerp_mode": "catmullrom"
						},
						"2.375": {
							"post": [0, 0, -15],
							"lerp_mode": "catmullrom"
						}
					},
					"position": {
						"0.0": {
							"post": [0, 0, 0],
							"lerp_mode": "catmullrom"
						},
						"0.9583": {
							"post": [0, 0, 0],
							"lerp_mode": "catmullrom"
						},
						"1.125": {
							"post": [0.5, 0, 0],
							"lerp_mode": "catmullrom"
						},
						"1.7083": {
							"post": [0.5, 0, 0],
							"lerp_mode": "catmullrom"
						},
						"2.0": {
							"post": [0, 0, 0],
							"lerp_mode": "catmullrom"
						},
						"2.375": {
							"post": [0, 0, 0],
							"lerp_mode": "catmullrom"
						}
					}
				},
				"finger_right2": {
					"rotation": {
						"0.0": {
							"post": [0, 0, -45],
							"lerp_mode": "catmullrom"
						},
						"0.9583": {
							"post": [0, 0, -45],
							"lerp_mode": "catmullrom"
						},
						"1.125": {
							"post": [0, 15, 0],
							"lerp_mode": "catmullrom"
						},
						"1.7083": {
							"post": [0, 15, 0],
							"lerp_mode": "catmullrom"
						},
						"2.0": {
							"post": [0, 0, -45],
							"lerp_mode": "catmullrom"
						},
						"2.375": {
							"post": [0, 0, -45],
							"lerp_mode": "catmullrom"
						}
					}
				},
				"finger_right4": {
					"rotation": {
						"0.0": {
							"post": [0, 0, -60],
							"lerp_mode": "catmullrom"
						},
						"0.9583": {
							"post": [0, 0, -60],
							"lerp_mode": "catmullrom"
						},
						"1.125": [0, 0, 12.5],
						"1.7083": [0, 0, 12.5],
						"2.0": {
							"pre": [0, 0, -60],
							"post": [0, 0, -60],
							"lerp_mode": "catmullrom"
						},
						"2.375": {
							"post": [0, 0, -60],
							"lerp_mode": "catmullrom"
						}
					}
				},
				"finger_right": {
					"rotation": {
						"0.0": {
							"post": [0, 0, -45],
							"lerp_mode": "catmullrom"
						},
						"0.9583": {
							"post": [0, 0, -45],
							"lerp_mode": "catmullrom"
						},
						"1.125": {
							"post": [0, -12.5, -2.5],
							"lerp_mode": "catmullrom"
						},
						"1.7083": {
							"post": [0, -12.5, -2.5],
							"lerp_mode": "catmullrom"
						},
						"2.0": {
							"post": [0, 0, -45],
							"lerp_mode": "catmullrom"
						},
						"2.375": {
							"post": [0, 0, -45],
							"lerp_mode": "catmullrom"
						}
					}
				},
				"finger_right3": {
					"rotation": {
						"0.0": {
							"post": [0, 0, -60],
							"lerp_mode": "catmullrom"
						},
						"0.9583": {
							"post": [0, 0, -60],
							"lerp_mode": "catmullrom"
						},
						"1.125": [0, 0, 10],
						"1.7083": [0, 0, 10],
						"2.0": {
							"pre": [0, 0, -60],
							"post": [0, 0, -60],
							"lerp_mode": "catmullrom"
						},
						"2.375": {
							"post": [0, 0, -60],
							"lerp_mode": "catmullrom"
						}
					}
				},
				"thumb_right": {
					"rotation": {
						"0.0": {
							"post": [21.12533, 11.1645, -25.81828],
							"lerp_mode": "catmullrom"
						},
						"0.9583": {
							"post": [21.12533, 11.1645, -25.81828],
							"lerp_mode": "catmullrom"
						},
						"1.125": {
							"post": [-42.00981, -19.63767, 44.71247],
							"lerp_mode": "catmullrom"
						},
						"1.7083": {
							"post": [-42.00981, -19.63767, 44.71247],
							"lerp_mode": "catmullrom"
						},
						"2.0": {
							"post": [21.12533, 11.1645, -25.81828],
							"lerp_mode": "catmullrom"
						},
						"2.375": {
							"post": [21.12533, 11.1645, -25.81828],
							"lerp_mode": "catmullrom"
						}
					}
				},
				"thumb_right2": {
					"rotation": {
						"0.0": {
							"post": [0, 0, -50],
							"lerp_mode": "catmullrom"
						},
						"0.9583": {
							"post": [0, 0, -50],
							"lerp_mode": "catmullrom"
						},
						"1.125": [0, 0, 20],
						"1.7083": [0, 0, 20],
						"2.0": {
							"pre": [0, 0, -50],
							"post": [0, 0, -50],
							"lerp_mode": "catmullrom"
						},
						"2.375": {
							"post": [0, 0, -50],
							"lerp_mode": "catmullrom"
						}
					}
				},
				"leg_left": {
					"rotation": {
						"0.0": {
							"post": [7.5, -15, 0],
							"lerp_mode": "catmullrom"
						},
						"0.25": {
							"post": [-5, -15, 0],
							"lerp_mode": "catmullrom"
						},
						"0.4583": {
							"post": [-46.49497, -8.13867, 7.43084],
							"lerp_mode": "catmullrom"
						},
						"0.9583": {
							"post": [-46.49497, -8.13867, 7.43084],
							"lerp_mode": "catmullrom"
						},
						"1.125": {
							"post": [-6.71271, -23.19901, -9.99802],
							"lerp_mode": "catmullrom"
						},
						"1.7083": {
							"post": [-6.71271, -23.19901, -9.99802],
							"lerp_mode": "catmullrom"
						},
						"2.0": {
							"post": [-5, -15, 0],
							"lerp_mode": "catmullrom"
						},
						"2.375": {
							"post": [7.5, -15, 0],
							"lerp_mode": "catmullrom"
						}
					}
				},
				"leg_left2": {
					"rotation": {
						"0.0": {
							"post": [0, 0, 0],
							"lerp_mode": "catmullrom"
						},
						"0.25": {
							"post": [30, 0, 0],
							"lerp_mode": "catmullrom"
						},
						"0.4583": {
							"post": [57.5, 0, 0],
							"lerp_mode": "catmullrom"
						},
						"0.9583": {
							"post": [57.5, 0, 0],
							"lerp_mode": "catmullrom"
						},
						"1.125": {
							"post": [15, 0, 0],
							"lerp_mode": "catmullrom"
						},
						"1.7083": {
							"post": [15, 0, 0],
							"lerp_mode": "catmullrom"
						},
						"2.0": {
							"post": [30, 0, 0],
							"lerp_mode": "catmullrom"
						},
						"2.375": {
							"post": [0, 0, 0],
							"lerp_mode": "catmullrom"
						}
					}
				},
				"leg_left3": {
					"rotation": {
						"0.0": {
							"post": [7.5, 0, 0],
							"lerp_mode": "catmullrom"
						},
						"0.25": {
							"post": [-5.0193, -2.30959, 0.95723],
							"lerp_mode": "catmullrom"
						},
						"2.0": {
							"post": [-5.0193, -2.30959, 0.95723],
							"lerp_mode": "catmullrom"
						},
						"2.375": {
							"post": [7.5, 0, 0],
							"lerp_mode": "catmullrom"
						}
					}
				},
				"foot_left": {
					"rotation": {
						"0.0": {
							"post": [-16.26027, -24.45215, 16.72007],
							"lerp_mode": "catmullrom"
						},
						"0.25": {
							"post": [-18.76027, -24.45215, 16.72007],
							"lerp_mode": "catmullrom"
						},
						"0.4583": {
							"post": [18.46039, -0.42223, 1.89284],
							"lerp_mode": "catmullrom"
						},
						"0.9583": {
							"post": [18.46039, -0.42223, 1.89284],
							"lerp_mode": "catmullrom"
						},
						"1.125": {
							"post": [18.46039, -0.42223, 1.89284],
							"lerp_mode": "catmullrom"
						},
						"1.7083": {
							"post": [18.46039, -0.42223, 1.89284],
							"lerp_mode": "catmullrom"
						},
						"2.0": {
							"post": [-18.76027, -24.45215, 16.72007],
							"lerp_mode": "catmullrom"
						},
						"2.375": {
							"post": [-16.26027, -24.45215, 16.72007],
							"lerp_mode": "catmullrom"
						}
					}
				},
				"bone7": {
					"rotation": {
						"0.0": {
							"post": [0, 0, -10],
							"lerp_mode": "catmullrom"
						},
						"2.0": {
							"post": [0, 0, -10],
							"lerp_mode": "catmullrom"
						},
						"2.375": {
							"post": [0, 0, -10],
							"lerp_mode": "catmullrom"
						}
					}
				},
				"bone8": {
					"rotation": {
						"0.0": {
							"post": [0, 0, 20],
							"lerp_mode": "catmullrom"
						},
						"2.0": {
							"post": [0, 0, 15],
							"lerp_mode": "catmullrom"
						},
						"2.375": {
							"post": [0, 0, 15],
							"lerp_mode": "catmullrom"
						}
					}
				},
				"bone10": {
					"rotation": {
						"0.0": {
							"post": [-15, 0, 0],
							"lerp_mode": "catmullrom"
						},
						"2.0": {
							"post": [-15, 0, 0],
							"lerp_mode": "catmullrom"
						},
						"2.375": {
							"post": [-15, 0, 0],
							"lerp_mode": "catmullrom"
						}
					}
				},
				"bone6": {
					"rotation": {
						"0.0": {
							"post": [-15, 0, 0],
							"lerp_mode": "catmullrom"
						},
						"2.0": {
							"post": [-15, 0, 0],
							"lerp_mode": "catmullrom"
						},
						"2.375": {
							"post": [-15, 0, 0],
							"lerp_mode": "catmullrom"
						}
					}
				},
				"leg_right": {
					"rotation": {
						"0.0": {
							"post": [-12.5, 10, 0],
							"lerp_mode": "catmullrom"
						},
						"0.25": {
							"post": [-32.5, 10, 0],
							"lerp_mode": "catmullrom"
						},
						"0.4583": {
							"post": [-65.50903, 6.44764, -3.55581],
							"lerp_mode": "catmullrom"
						},
						"0.9583": {
							"post": [-65.50903, 6.44764, -3.55581],
							"lerp_mode": "catmullrom"
						},
						"1.125": {
							"post": [-14.53105, 20.36281, 11.2571],
							"lerp_mode": "catmullrom"
						},
						"1.7083": {
							"post": [-14.53105, 20.36281, 11.2571],
							"lerp_mode": "catmullrom"
						},
						"2.0": {
							"post": [-32.5, 10, 0],
							"lerp_mode": "catmullrom"
						},
						"2.375": {
							"post": [-12.5, 10, 0],
							"lerp_mode": "catmullrom"
						}
					}
				},
				"leg_right2": {
					"rotation": {
						"0.0": {
							"post": [7.5, 0, 0],
							"lerp_mode": "catmullrom"
						},
						"0.25": {
							"post": [32.5, 0, 0],
							"lerp_mode": "catmullrom"
						},
						"0.4583": {
							"post": [59.91984, -0.76617, 0.73338],
							"lerp_mode": "catmullrom"
						},
						"0.9583": {
							"post": [59.91984, -0.76617, 0.73338],
							"lerp_mode": "catmullrom"
						},
						"1.125": {
							"post": [15, 0, 0],
							"lerp_mode": "catmullrom"
						},
						"1.7083": {
							"post": [15, 0, 0],
							"lerp_mode": "catmullrom"
						},
						"2.0": {
							"post": [32.5, 0, 0],
							"lerp_mode": "catmullrom"
						},
						"2.375": {
							"post": [7.5, 0, 0],
							"lerp_mode": "catmullrom"
						}
					}
				},
				"leg_right3": {
					"rotation": {
						"0.0": {
							"post": [5, 0, 0],
							"lerp_mode": "catmullrom"
						},
						"1.7083": {
							"post": [5, 0, 0],
							"lerp_mode": "catmullrom"
						},
						"2.0": {
							"post": [5, 0, 0],
							"lerp_mode": "catmullrom"
						},
						"2.375": {
							"post": [5, 0, 0],
							"lerp_mode": "catmullrom"
						}
					}
				},
				"foot_right": {
					"rotation": {
						"0.0": {
							"post": [2.5, 0, -12.5],
							"lerp_mode": "catmullrom"
						},
						"0.25": {
							"post": [-5, 0, -12.5],
							"lerp_mode": "catmullrom"
						},
						"0.4583": {
							"post": [20, 0, -12.5],
							"lerp_mode": "catmullrom"
						},
						"0.9583": {
							"post": [20, 0, -12.5],
							"lerp_mode": "catmullrom"
						},
						"1.125": {
							"post": [20, 0, -12.5],
							"lerp_mode": "catmullrom"
						},
						"1.7083": {
							"post": [20, 0, -12.5],
							"lerp_mode": "catmullrom"
						},
						"2.0": {
							"post": [-5, 0, -12.5],
							"lerp_mode": "catmullrom"
						},
						"2.375": {
							"post": [5, 0, -12.5],
							"lerp_mode": "catmullrom"
						}
					}
				},
				"bone2": {
					"rotation": {
						"0.0": {
							"post": [0, 0, 12.5],
							"lerp_mode": "catmullrom"
						},
						"2.0": {
							"post": [0, 0, 12.5],
							"lerp_mode": "catmullrom"
						},
						"2.375": {
							"post": [0, 0, 12.5],
							"lerp_mode": "catmullrom"
						}
					}
				},
				"bone13": {
					"rotation": {
						"0.0": {
							"post": [0, 0, -15],
							"lerp_mode": "catmullrom"
						},
						"2.0": {
							"post": [0, 0, -15],
							"lerp_mode": "catmullrom"
						},
						"2.375": {
							"post": [0, 0, -15],
							"lerp_mode": "catmullrom"
						}
					}
				},
				"bone15": {
					"rotation": {
						"0.0": {
							"post": [-15, 0, 0],
							"lerp_mode": "catmullrom"
						},
						"2.0": {
							"post": [-15, 0, 0],
							"lerp_mode": "catmullrom"
						},
						"2.375": {
							"post": [-15, 0, 0],
							"lerp_mode": "catmullrom"
						}
					}
				},
				"bone16": {
					"rotation": {
						"0.0": {
							"post": [-2.5, 0, 0],
							"lerp_mode": "catmullrom"
						},
						"2.0": {
							"post": [-2.5, 0, 0],
							"lerp_mode": "catmullrom"
						},
						"2.375": {
							"post": [-2.5, 0, 0],
							"lerp_mode": "catmullrom"
						}
					}
				},
				"bone17": {
					"rotation": {
						"0.0": {
							"post": [-12.5, 0, 0],
							"lerp_mode": "catmullrom"
						},
						"2.0": {
							"post": [-12.5, 0, 0],
							"lerp_mode": "catmullrom"
						},
						"2.375": {
							"post": [-12.5, 0, 0],
							"lerp_mode": "catmullrom"
						}
					}
				}
			}
		},
		"animation.mewtwo_mega_x.pose": {
			"loop": true,
			"bones": {
				"waist": {
					"rotation": [5, 0, 0]
				},
				"head": {
					"rotation": [16.00966, -24.59477, -4.62934]
				},
				"arm_left": {
					"rotation": [0, -22.5, 12.5]
				},
				"forearm_left": {
					"rotation": [0, 60, 0]
				},
				"hand_left": {
					"rotation": [0, 0, 10]
				},
				"finger_left2": {
					"rotation": [0, 0, 52.5]
				},
				"finger_left4": {
					"rotation": [0, 0, 52.5]
				},
				"finger_left": {
					"rotation": [0, 0, 45]
				},
				"finger_left3": {
					"rotation": [0, 0, 50]
				},
				"thumb_left": {
					"rotation": [21.12533, -11.1645, 23.31828]
				},
				"thumb_left2": {
					"rotation": [0, 0, 47.5]
				},
				"torso": {
					"rotation": [-2.5, 0, 0]
				},
				"tail": {
					"rotation": [22.5, 0, 0]
				},
				"tail2": {
					"rotation": [17.5, 0, 0]
				},
				"tail3": {
					"rotation": [20, 0, 0]
				},
				"tail4": {
					"rotation": [12.5, 0, 0]
				},
				"leg_left": {
					"rotation": [7.01053, -38.94495, -7.09768]
				},
				"foot_left": {
					"rotation": [0, -7.5, 12.5]
				},
				"bone7": {
					"rotation": [0, 0, -25]
				},
				"bone8": {
					"rotation": [0, 0, 15]
				},
				"bone9": {
					"rotation": [12.5, -17.5, 0]
				},
				"bone10": {
					"rotation": [-12.5, 0, 0]
				},
				"bone5": {
					"rotation": [8.4926, 9.17258, -4.94722]
				},
				"bone6": {
					"rotation": [-15, 0, 0]
				},
				"iris_left": {
					"position": [0.25, 0, 0]
				},
				"arm_right": {
					"rotation": [-17.5, -25, 0]
				},
				"forearm_right": {
					"rotation": [-27.5, -87.5, 0]
				},
				"hand_right": {
					"rotation": [0, 0, -15]
				},
				"finger_right2": {
					"rotation": [0, 0, -47.5]
				},
				"finger_right4": {
					"rotation": [0, 0, -60]
				},
				"finger_right": {
					"rotation": [0, 0, -45]
				},
				"finger_right3": {
					"rotation": [0, 0, -57.5]
				},
				"thumb_right": {
					"rotation": [21.12533, 11.1645, -25.81828]
				},
				"thumb_right2": {
					"rotation": [0, 0, -50]
				},
				"foot_right": {
					"rotation": [0, 0, -10]
				},
				"bone2": {
					"rotation": [0, 0, 17.5]
				},
				"bone13": {
					"rotation": [0, 0, -12.5]
				},
				"bone15": {
					"rotation": [-12.5, 0, 0]
				},
				"bone17": {
					"rotation": [-15, 0, 0]
				},
				"iris_right": {
					"position": [0.25, 0, 0]
				}
			}
		},
		"animation.mewtwo_mega_x.battle_idle": {
			"loop": true,
			"bones": {
				"body": {
					"position": [0, -0.5, 0]
				},
				"torso": {
					"rotation": ["12.5+math.sin(q.anim_time*90*1)*2", 0, 0],
					"position": [0, "0-math.sin(q.anim_time*90*1)*0.5", 0]
				},
				"tail": {
					"rotation": ["22.55-math.sin(q.anim_time*90*1-90)*2", 0, 0]
				},
				"tail2": {
					"rotation": ["17.55-math.sin(q.anim_time*90*1-90)*2", 0, 0]
				},
				"tail3": {
					"rotation": ["17.55-math.sin(q.anim_time*90*1-90)*2", 0, 0]
				},
				"tail4": {
					"rotation": [12.5, 0, 0]
				},
				"tail5": {
					"rotation": ["12.55-math.sin(q.anim_time*90*1-90)*2", 0, 0]
				},
				"head": {
					"rotation": ["-2.5+math.sin(q.anim_time*90*1-90)*2", 0, 0]
				},
				"arm_left": {
					"rotation": [3.96713, "-14.4775121859+math.sin(q.anim_time*90*1-90)*2", -0.50409]
				},
				"forearm_left": {
					"rotation": [0, "52.5+math.sin(q.anim_time*90*1-90)*2", 0]
				},
				"hand_left": {
					"rotation": [0, 0, 10]
				},
				"finger_left2": {
					"rotation": [0, 0, 45]
				},
				"finger_left4": {
					"rotation": [0, 0, 52.5]
				},
				"finger_left": {
					"rotation": [0, 0, 45]
				},
				"finger_left3": {
					"rotation": [0, 0, 52.5]
				},
				"thumb_left": {
					"rotation": [21.12533, -11.1645, 23.31828]
				},
				"thumb_left2": {
					"rotation": [0, 0, 47.5]
				},
				"arm_right": {
					"rotation": [3.96713, "14.4775121859-math.sin(q.anim_time*90*1-90)*2", 3.00409]
				},
				"forearm_right": {
					"rotation": [0, "-62.5-math.sin(q.anim_time*90*1-90)*2", 0]
				},
				"hand_right": {
					"rotation": [0, 0, -15]
				},
				"finger_right2": {
					"rotation": [0, 0, -45]
				},
				"finger_right4": {
					"rotation": [0, 0, -60]
				},
				"finger_right": {
					"rotation": [0, 0, -45]
				},
				"finger_right3": {
					"rotation": [0, 0, -60]
				},
				"thumb_right": {
					"rotation": [21.12533, 11.1645, -25.81828]
				},
				"thumb_right2": {
					"rotation": [0, 0, -50]
				},
				"leg_left": {
					"rotation": ["8.1511-math.sin(q.anim_time*90*1)*5", -24.83901, -1.90414]
				},
				"leg_left2": {
					"rotation": ["0+math.sin(q.anim_time*90*1)*5", 0, 0]
				},
				"leg_left3": {
					"rotation": [7.5, 0, 0]
				},
				"foot_left": {
					"rotation": ["-6.2602682667+math.sin(q.anim_time*90*1)*4", -24.45215, 16.72007]
				},
				"bone7": {
					"rotation": [0, 0, -20]
				},
				"bone8": {
					"rotation": [0, 0, 15]
				},
				"bone9": {
					"rotation": [-7.5, 0, 0]
				},
				"bone10": {
					"rotation": ["-15-math.sin(q.anim_time*90*1)*4", 0, 0]
				},
				"bone5": {
					"rotation": [-7.5, 0, 0]
				},
				"bone6": {
					"rotation": ["-15-math.sin(q.anim_time*90*1)*4", 0, 0]
				},
				"leg_right": {
					"rotation": ["-15-math.sin(q.anim_time*90*1)*5", 10, 0]
				},
				"leg_right2": {
					"rotation": ["7.5+math.sin(q.anim_time*90*1)*5", 0, 0]
				},
				"leg_right3": {
					"rotation": [5, 0, 0]
				},
				"foot_right": {
					"rotation": ["5+math.sin(q.anim_time*90*1)*4", 0, -12.5]
				},
				"bone2": {
					"rotation": [0, 0, 20]
				},
				"bone13": {
					"rotation": [0, 0, -15]
				},
				"bone15": {
					"rotation": ["-15-math.sin(q.anim_time*90*1)*4", 0, 0]
				},
				"bone16": {
					"rotation": [-2.5, 0, 0]
				},
				"bone17": {
					"rotation": ["-12.5-math.sin(q.anim_time*90*1)*4", 0, 0]
				}
			}
		},
		"animation.mewtwo_mega_x.ground_walk": {
			"loop": true,
			"bones": {
				"body": {
					"rotation": ["0+math.cos((q.anim_time)*90*2/1.5-90)*2", 0, 0],
					"position": [0, "4-math.cos((q.anim_time)*90*2/1.5)*2", 0]
				},
				"head": {
					"rotation": ["-12.5-math.cos((q.anim_time)*90*2/1.5)*5", 0, 0]
				},
				"arm_left": {
					"rotation": [0, "-22.5+math.cos((q.anim_time)*90*2/1.5)*5", 0]
				},
				"forearm_left": {
					"rotation": [0, "50+math.cos((q.anim_time)*90*2/1.5-90)*3", 0]
				},
				"hand_left": {
					"rotation": [0, 0, 10]
				},
				"finger_left2": {
					"rotation": [0, 0, 45]
				},
				"finger_left4": {
					"rotation": [0, 0, 50]
				},
				"finger_left": {
					"rotation": [0, 0, 45]
				},
				"finger_left3": {
					"rotation": [0, 0, 50]
				},
				"thumb_left": {
					"rotation": [21.12533, -11.1645, 23.31828]
				},
				"thumb_left2": {
					"rotation": [0, 0, 47.5]
				},
				"torso": {
					"rotation": [17.5, 0, 0]
				},
				"tail": {
					"rotation": ["15+math.cos((q.anim_time)*90*2/1.5-90)*3", 0, 0]
				},
				"tail2": {
					"rotation": ["25+math.cos((q.anim_time)*90*2/1.5-90)*3", 0, 0]
				},
				"tail3": {
					"rotation": ["17.5+math.cos((q.anim_time)*90*2/1.5-90)*3", 0, 0]
				},
				"tail5": {
					"rotation": ["12.5+math.cos((q.anim_time)*90*2/1.5-90)*3", 0, 0]
				},
				"leg_left": {
					"rotation": ["5+math.cos((q.anim_time)*90*2/1.5-90)*3", 0, 0]
				},
				"leg_left2": {
					"rotation": ["35+math.cos((q.anim_time)*90*2/1.5-90)*3", 0, 0]
				},
				"leg_left3": {
					"rotation": [10, 0, 0]
				},
				"foot_left": {
					"rotation": ["12.5+math.cos((q.anim_time)*90*2/1.5-90)*3", 0, 0]
				},
				"bone7": {
					"rotation": [0, 0, -15]
				},
				"bone9": {
					"rotation": [22.5, 0, 0]
				},
				"bone5": {
					"rotation": [17.5, 0, 0]
				},
				"arm_right": {
					"rotation": [0, "30-math.cos((q.anim_time)*90*2/1.5)*5", 0]
				},
				"forearm_right": {
					"rotation": [0, "-60-math.cos((q.anim_time)*90*2/1.5-90)*3", 0]
				},
				"hand_right": {
					"rotation": [0, 0, -15]
				},
				"finger_right2": {
					"rotation": [0, 0, -45]
				},
				"finger_right4": {
					"rotation": [0, 0, -57.5]
				},
				"finger_right": {
					"rotation": [0, 0, -45]
				},
				"finger_right3": {
					"rotation": [0, 0, -57.5]
				},
				"thumb_right": {
					"rotation": [21.12533, 11.1645, -25.81828]
				},
				"thumb_right2": {
					"rotation": [0, 0, -50]
				},
				"leg_right": {
					"rotation": ["-12.5+math.cos((q.anim_time)*90*2/1.5-90)*3", 0, 0]
				},
				"leg_right2": {
					"rotation": [45, 0, 0]
				},
				"leg_right3": {
					"rotation": ["10+math.cos((q.anim_time)*90*2/1.5-90)*3", 0, 0]
				},
				"foot_right": {
					"rotation": ["5+math.cos((q.anim_time)*90*2/1.5-90)*3", 0, 0]
				},
				"bone2": {
					"rotation": [0, 0, 10]
				},
				"bone14": {
					"rotation": [15, 0, 0]
				},
				"bone16": {
					"rotation": [15, 0, 0]
				}
			}
		},
		"animation.mewtwo_mega_x.blink": {
			"animation_length": 0.25,
			"bones": {
				"bone": {
					"position": {
						"0.0": [1, 0, -1],
						"0.25": {
							"pre": [1, 0, -1],
							"post": [0, 0, 0]
						}
					}
				},
				"bone33": {
					"position": {
						"0.0": [-1, 0, -1],
						"0.25": {
							"pre": [-1, 0, -1],
							"post": [0, 0, 0]
						}
					}
				}
			}
		},
		"animation.mewtwo_mega_x.faint": {
			"animation_length": 3,
			"bones": {
				"body": {
					"rotation": {
						"0.0": {
							"post": [0, 0, 0],
							"lerp_mode": "catmullrom"
						},
						"1.5": {
							"post": [0, 0, 0],
							"lerp_mode": "catmullrom"
						},
						"1.875": {
							"post": [-32.5, 0, 0],
							"lerp_mode": "catmullrom"
						},
						"2.1667": {
							"post": [-87.5, 0, 0],
							"lerp_mode": "catmullrom"
						}
					},
					"position": {
						"0.0": {
							"post": [0, -0.5, 0],
							"lerp_mode": "catmullrom"
						},
						"0.5": {
							"post": [0, -1.5, -3],
							"lerp_mode": "catmullrom"
						},
						"1.125": {
							"post": [0, -1.5, -3],
							"lerp_mode": "catmullrom"
						},
						"1.5": {
							"post": [0, -3.5, -3],
							"lerp_mode": "catmullrom"
						},
						"1.875": {
							"post": [0, -3.5, 3],
							"lerp_mode": "catmullrom"
						},
						"2.1667": {
							"post": [0, -12.5, 9],
							"lerp_mode": "catmullrom"
						}
					}
				},
				"torso": {
					"rotation": {
						"0.0": {
							"post": [12.5, 0, 0],
							"lerp_mode": "catmullrom"
						},
						"0.5": {
							"post": [12.45392, 1.08089, -4.88206],
							"lerp_mode": "catmullrom"
						},
						"1.125": {
							"post": [12.31594, -2.15393, 9.76758],
							"lerp_mode": "catmullrom"
						},
						"1.5": {
							"post": [27.31594, -2.15393, 9.76758],
							"lerp_mode": "catmullrom"
						},
						"2.3333": {
							"post": [-2.68406, -2.15393, 9.76758],
							"lerp_mode": "catmullrom"
						}
					}
				},
				"tail": {
					"rotation": {
						"0.0": {
							"post": [22.5, 0, 0],
							"lerp_mode": "catmullrom"
						},
						"0.5": {
							"post": [12.5, 0, 0],
							"lerp_mode": "catmullrom"
						},
						"1.875": {
							"post": [27.5, 0, 0],
							"lerp_mode": "catmullrom"
						},
						"2.3333": {
							"post": [37.5, 0, 0],
							"lerp_mode": "catmullrom"
						}
					}
				},
				"tail2": {
					"rotation": {
						"0.0": {
							"post": [17.5, 0, 0],
							"lerp_mode": "catmullrom"
						},
						"0.5": {
							"post": [10, 0, 0],
							"lerp_mode": "catmullrom"
						},
						"1.875": {
							"post": [30, 0, 0],
							"lerp_mode": "catmullrom"
						},
						"2.3333": {
							"post": [32.00206, 19.3546, 11.70092],
							"lerp_mode": "catmullrom"
						}
					}
				},
				"tail3": {
					"rotation": {
						"0.0": {
							"post": [17.5, 0, 0],
							"lerp_mode": "catmullrom"
						},
						"2.3333": {
							"post": [18.07779, 14.2906, 4.60659],
							"lerp_mode": "catmullrom"
						}
					}
				},
				"tail4": {
					"rotation": {
						"0.0": {
							"post": [12.5, 0, 0],
							"lerp_mode": "catmullrom"
						}
					}
				},
				"tail5": {
					"rotation": {
						"0.0": {
							"post": [12.5, 0, 0],
							"lerp_mode": "catmullrom"
						}
					}
				},
				"waist": {
					"rotation": {
						"0.0": {
							"post": [0, 0, 0],
							"lerp_mode": "catmullrom"
						},
						"0.5": {
							"post": [10, 0, 0],
							"lerp_mode": "catmullrom"
						},
						"2.3333": {
							"post": [-2.5, 0, 0],
							"lerp_mode": "catmullrom"
						}
					}
				},
				"chest": {
					"rotation": {
						"0.0": {
							"post": [0, 0, 0],
							"lerp_mode": "catmullrom"
						},
						"0.5": {
							"post": [15, 0, 0],
							"lerp_mode": "catmullrom"
						},
						"2.3333": {
							"post": [0, 0, 0],
							"lerp_mode": "catmullrom"
						}
					}
				},
				"head": {
					"rotation": {
						"0.0": {
							"post": [-2.5, 0, 0],
							"lerp_mode": "catmullrom"
						},
						"0.5": {
							"post": [20, 0, 0],
							"lerp_mode": "catmullrom"
						},
						"2.3333": {
							"post": [20.6469, -14.0761, -5.23619],
							"lerp_mode": "catmullrom"
						}
					}
				},
				"bone": {
					"position": {
						"0.0": [0, 0, 0],
						"0.5": {"pre": [0, 0, 0], "post": [1, 0, -1]}
					}
				},
				"bone38": {
					"rotation": {
						"0.0": {
							"post": [0, 0, 0],
							"lerp_mode": "catmullrom"
						},
						"0.5": {
							"post": [-12.5, 0, 0],
							"lerp_mode": "catmullrom"
						}
					}
				},
				"bone39": {
					"rotation": {
						"0.0": {
							"post": [0, 0, 0],
							"lerp_mode": "catmullrom"
						},
						"0.5": {
							"post": [-10, 0, 0],
							"lerp_mode": "catmullrom"
						}
					}
				},
				"arm_left": {
					"rotation": {
						"0.0": {
							"post": [3.96713, -14.47751, -0.50409],
							"lerp_mode": "catmullrom"
						},
						"0.5": {
							"post": [41.58216, 52.71383, 46.65115],
							"lerp_mode": "catmullrom"
						},
						"1.125": {
							"post": [28.29313, 31.97652, 27.3422],
							"lerp_mode": "catmullrom"
						},
						"1.875": {
							"post": [8.53574, 40.94907, -5.22682],
							"lerp_mode": "catmullrom"
						},
						"2.3333": {
							"post": [6.90118, -21.09451, -13.33901],
							"lerp_mode": "catmullrom"
						}
					}
				},
				"forearm_left": {
					"rotation": {
						"0.0": {
							"post": [0, 52.5, 0],
							"lerp_mode": "catmullrom"
						},
						"0.5": {
							"post": [0, 27.5, 0],
							"lerp_mode": "catmullrom"
						}
					}
				},
				"hand_left": {
					"rotation": {
						"0.0": {
							"post": [0, 0, 10],
							"lerp_mode": "catmullrom"
						}
					},
					"position": {
						"0.0": {
							"post": [0, 0, 0],
							"lerp_mode": "catmullrom"
						}
					}
				},
				"finger_left2": {
					"rotation": {
						"0.0": {
							"post": [0, 0, 45],
							"lerp_mode": "catmullrom"
						},
						"0.5": {
							"post": [0, 0, 25],
							"lerp_mode": "catmullrom"
						}
					}
				},
				"finger_left4": {
					"rotation": {
						"0.0": {
							"post": [0, 0, 52.5],
							"lerp_mode": "catmullrom"
						},
						"0.5": {
							"post": [0, 0, 32.5],
							"lerp_mode": "catmullrom"
						}
					}
				},
				"finger_left": {
					"rotation": {
						"0.0": {
							"post": [0, 0, 45],
							"lerp_mode": "catmullrom"
						},
						"0.5": {
							"post": [0, 0, 22.5],
							"lerp_mode": "catmullrom"
						}
					}
				},
				"finger_left3": {
					"rotation": {
						"0.0": {
							"post": [0, 0, 52.5],
							"lerp_mode": "catmullrom"
						},
						"0.5": {
							"post": [0, 0, 40],
							"lerp_mode": "catmullrom"
						}
					}
				},
				"thumb_left": {
					"rotation": {
						"0.0": {
							"post": [21.12533, -11.1645, 23.31828],
							"lerp_mode": "catmullrom"
						},
						"0.5": {
							"post": [13.24884, 2.1451, 12.82855],
							"lerp_mode": "catmullrom"
						}
					}
				},
				"thumb_left2": {
					"rotation": {
						"0.0": {
							"post": [0, 0, 47.5],
							"lerp_mode": "catmullrom"
						}
					}
				},
				"arm_right": {
					"rotation": {
						"0.0": {
							"post": [3.96713, 14.47751, 3.00409],
							"lerp_mode": "catmullrom"
						},
						"0.5": {
							"post": [4.25369, -25.42784, 0.18166],
							"lerp_mode": "catmullrom"
						},
						"1.125": {
							"post": [40.39738, -46.01473, -45.37643],
							"lerp_mode": "catmullrom"
						},
						"1.875": {
							"post": [14.87405, -56.82316, -13.19668],
							"lerp_mode": "catmullrom"
						},
						"2.3333": {
							"post": [8.8821, 24.52659, 3.04803],
							"lerp_mode": "catmullrom"
						}
					}
				},
				"forearm_right": {
					"rotation": {
						"0.0": {
							"post": [0, -62.5, 0],
							"lerp_mode": "catmullrom"
						},
						"0.5": {
							"post": [0, -30, 0],
							"lerp_mode": "catmullrom"
						}
					}
				},
				"hand_right": {
					"rotation": {
						"0.0": {
							"post": [0, 0, -15],
							"lerp_mode": "catmullrom"
						}
					},
					"position": {
						"0.0": {
							"post": [0, 0, 0],
							"lerp_mode": "catmullrom"
						}
					}
				},
				"finger_right2": {
					"rotation": {
						"0.0": {
							"post": [0, 0, -45],
							"lerp_mode": "catmullrom"
						},
						"0.5": {
							"post": [0, 0, -32.5],
							"lerp_mode": "catmullrom"
						}
					}
				},
				"finger_right4": {
					"rotation": {
						"0.0": {
							"post": [0, 0, -60],
							"lerp_mode": "catmullrom"
						},
						"0.5": {
							"post": [0, 0, -32.5],
							"lerp_mode": "catmullrom"
						}
					}
				},
				"finger_right": {
					"rotation": {
						"0.0": {
							"post": [0, 0, -45],
							"lerp_mode": "catmullrom"
						},
						"0.5": {
							"post": [0, 0, -30],
							"lerp_mode": "catmullrom"
						}
					}
				},
				"finger_right3": {
					"rotation": {
						"0.0": {
							"post": [0, 0, -60],
							"lerp_mode": "catmullrom"
						},
						"0.5": {
							"post": [0, 0, -22.5],
							"lerp_mode": "catmullrom"
						}
					}
				},
				"thumb_right": {
					"rotation": {
						"0.0": {
							"post": [21.12533, 11.1645, -25.81828],
							"lerp_mode": "catmullrom"
						}
					}
				},
				"thumb_right2": {
					"rotation": {
						"0.0": {
							"post": [0, 0, -50],
							"lerp_mode": "catmullrom"
						},
						"0.5": {
							"post": [0, 0, -20],
							"lerp_mode": "catmullrom"
						}
					}
				},
				"leg_left": {
					"rotation": {
						"0.0": {
							"post": [7.5, -15, 0],
							"lerp_mode": "catmullrom"
						},
						"0.3333": {
							"post": [-21.66667, -15, 0],
							"lerp_mode": "catmullrom"
						},
						"0.5": {
							"post": [-25, -15, 0],
							"lerp_mode": "catmullrom"
						},
						"1.125": {
							"post": [-25, -15, 0],
							"lerp_mode": "catmullrom"
						},
						"1.5": {
							"post": [-50, -15, 0],
							"lerp_mode": "catmullrom"
						},
						"1.875": {
							"post": [-22.5, -15, 0],
							"lerp_mode": "catmullrom"
						},
						"2.3333": {
							"post": [-12.5, -15, 0],
							"lerp_mode": "catmullrom"
						}
					}
				},
				"leg_left2": {
					"rotation": {
						"0.0": {
							"post": [0, 0, 0],
							"lerp_mode": "catmullrom"
						},
						"0.3333": {
							"post": [21.67, 0, 0],
							"lerp_mode": "catmullrom"
						},
						"0.5": {
							"post": [17.5, 0, 0],
							"lerp_mode": "catmullrom"
						},
						"1.125": {
							"post": [17.5, 0, 0],
							"lerp_mode": "catmullrom"
						},
						"1.5": {
							"post": [50, 0, 0],
							"lerp_mode": "catmullrom"
						},
						"1.875": {
							"post": [17.68588, -0.85806, 0.41606],
							"lerp_mode": "catmullrom"
						}
					}
				},
				"leg_left3": {
					"rotation": {
						"0.0": {
							"post": [7.5, 0, 0],
							"lerp_mode": "catmullrom"
						},
						"1.125": {
							"post": [7.5, 0, 0],
							"lerp_mode": "catmullrom"
						},
						"1.5": {
							"post": [5, 0, 0],
							"lerp_mode": "catmullrom"
						}
					}
				},
				"foot_left": {
					"rotation": {
						"0.0": {
							"post": [-16.26027, -24.45215, 16.72007],
							"lerp_mode": "catmullrom"
						},
						"0.5": {
							"post": [-3.76027, -24.45215, 16.72007],
							"lerp_mode": "catmullrom"
						},
						"1.5": {
							"post": [-5.32547, -24.72001, 8.47632],
							"lerp_mode": "catmullrom"
						},
						"1.875": {
							"post": [27.58058, -18.37294, -6.15214],
							"lerp_mode": "catmullrom"
						}
					}
				},
				"bone7": {
					"rotation": {
						"0.0": {
							"post": [0, 0, -10],
							"lerp_mode": "catmullrom"
						},
						"0.5": {
							"post": [0, 0, -22.5],
							"lerp_mode": "catmullrom"
						}
					}
				},
				"bone8": {
					"rotation": {
						"0.0": {
							"post": [0, 0, 20],
							"lerp_mode": "catmullrom"
						}
					}
				},
				"bone9": {
					"rotation": {
						"0.0": {
							"post": [0, 0, 0],
							"lerp_mode": "catmullrom"
						},
						"1.5": {
							"post": [10, 0, 0],
							"lerp_mode": "catmullrom"
						}
					}
				},
				"bone10": {
					"rotation": {
						"0.0": {
							"post": [-15, 0, 0],
							"lerp_mode": "catmullrom"
						}
					}
				},
				"bone5": {
					"rotation": {
						"0.0": {
							"post": [0, 0, 0],
							"lerp_mode": "catmullrom"
						},
						"0.5": {
							"post": [6.18813, 3.4239, -6.80141],
							"lerp_mode": "catmullrom"
						}
					}
				},
				"bone6": {
					"rotation": {
						"0.0": {
							"post": [-15, 0, 0],
							"lerp_mode": "catmullrom"
						}
					}
				},
				"leg_right": {
					"rotation": {
						"0.0": {
							"post": [-12.5, 10, 0],
							"lerp_mode": "catmullrom"
						},
						"0.5": {
							"post": [-2.5, 10, 0],
							"lerp_mode": "catmullrom"
						},
						"1.125": {
							"post": [-2.5, 10, 0],
							"lerp_mode": "catmullrom"
						},
						"1.5": {
							"post": [-22.5, 10, 0],
							"lerp_mode": "catmullrom"
						},
						"2.3333": {
							"post": [-15, 10, 0],
							"lerp_mode": "catmullrom"
						}
					}
				},
				"leg_right2": {
					"rotation": {
						"0.0": {
							"post": [7.5, 0, 0],
							"lerp_mode": "catmullrom"
						},
						"0.5": {
							"post": [10, 0, 0],
							"lerp_mode": "catmullrom"
						},
						"1.125": {
							"post": [10, 0, 0],
							"lerp_mode": "catmullrom"
						},
						"1.5": {
							"post": [37.5, 0, 0],
							"lerp_mode": "catmullrom"
						},
						"2.3333": {
							"post": [27.5, 0, 0],
							"lerp_mode": "catmullrom"
						}
					},
					"scale": {
						"0.0": {
							"post": [1, 1, 1],
							"lerp_mode": "catmullrom"
						}
					}
				},
				"leg_right3": {
					"rotation": {
						"0.0": {
							"post": [5, 0, 0],
							"lerp_mode": "catmullrom"
						}
					}
				},
				"foot_right": {
					"rotation": {
						"0.0": {
							"post": [2.5, 0, -12.5],
							"lerp_mode": "catmullrom"
						},
						"0.5": {
							"post": [-12.5, 0, -12.5],
							"lerp_mode": "catmullrom"
						},
						"1.125": {
							"post": [-12.5, 0, -12.5],
							"lerp_mode": "catmullrom"
						},
						"1.5": {
							"post": [-17.5, 0, -12.5],
							"lerp_mode": "catmullrom"
						},
						"1.875": {
							"post": [10, 0, -12.5],
							"lerp_mode": "catmullrom"
						},
						"2.3333": {
							"post": [20, 0, -12.5],
							"lerp_mode": "catmullrom"
						}
					}
				},
				"bone2": {
					"rotation": {
						"0.0": {
							"post": [0, 0, 12.5],
							"lerp_mode": "catmullrom"
						},
						"1.5": {
							"post": [0, 0, 0],
							"lerp_mode": "catmullrom"
						}
					}
				},
				"bone13": {
					"rotation": {
						"0.0": {
							"post": [0, 0, -15],
							"lerp_mode": "catmullrom"
						}
					}
				},
				"bone15": {
					"rotation": {
						"0.0": {
							"post": [-15, 0, 0],
							"lerp_mode": "catmullrom"
						}
					}
				},
				"bone16": {
					"rotation": {
						"0.0": {
							"post": [-2.5, 0, 0],
							"lerp_mode": "catmullrom"
						}
					}
				},
				"bone17": {
					"rotation": {
						"0.0": {
							"post": [-12.5, 0, 0],
							"lerp_mode": "catmullrom"
						}
					}
				},
				"bone33": {
					"position": {
						"0.0": [0, 0, 0],
						"0.5": {"pre": [0, 0, 0], "post": [-1, 0, -1]}
					}
				}
			}
		},
		"animation.mewtwo_mega_x.ground_idle": {
			"loop": true,
			"bones": {
				"body": {
					"position": [0, -0.5, 0]
				},
				"torso": {
					"rotation": ["0+math.sin(q.anim_time*90*1)*2", 0, 0],
					"position": [0, "0-math.sin(q.anim_time*90*1)*0.5", 0]
				},
				"tail": {
					"rotation": ["22.5-math.sin(q.anim_time*90*1-90)*2", 0, 0]
				},
				"tail2": {
					"rotation": ["17.5-math.sin(q.anim_time*90*1-90)*2", 0, 0]
				},
				"tail3": {
					"rotation": ["17.5-math.sin(q.anim_time*90*1-90)*2", 0, 0]
				},
				"tail4": {
					"rotation": ["12.5-math.sin(q.anim_time*90*1-90)*2", 0, 0]
				},
				"tail5": {
					"rotation": ["12.5-math.sin(q.anim_time*90*1-90)*2", 0, 0]
				},
				"chest": {
					"rotation": ["0+math.sin(q.anim_time*90*1-90)*2", 0, 0]
				},
				"head": {
					"rotation": ["10+math.sin(q.anim_time*90*1-90)*2", 0, 0]
				},
				"arm_left": {
					"rotation": [0, "-15+math.sin(q.anim_time*90*1-90)*2", 15]
				},
				"forearm_left": {
					"rotation": [0, "27.5+math.sin(q.anim_time*90*1-90)*2", 0]
				},
				"hand_left": {
					"rotation": [0, 0, 10]
				},
				"finger_left2": {
					"rotation": [0, 0, 45]
				},
				"finger_left4": {
					"rotation": [0, 0, 52.5]
				},
				"finger_left": {
					"rotation": [0, 0, 45]
				},
				"finger_left3": {
					"rotation": [0, 0, 52.5]
				},
				"thumb_left": {
					"rotation": [21.12533, -11.1645, 23.31828]
				},
				"thumb_left2": {
					"rotation": [0, 0, 47.5]
				},
				"arm_right": {
					"rotation": [0, "15-math.sin(q.anim_time*90*1-90)*2", -12.5]
				},
				"forearm_right": {
					"rotation": [0, "-42.5-math.sin(q.anim_time*90*1-90)*2", 0]
				},
				"hand_right": {
					"rotation": [0, 0, -15]
				},
				"finger_right2": {
					"rotation": [0, 0, -45]
				},
				"finger_right4": {
					"rotation": [0, 0, -60]
				},
				"finger_right": {
					"rotation": [0, 0, -45]
				},
				"finger_right3": {
					"rotation": [0, 0, -60]
				},
				"thumb_right": {
					"rotation": [21.12533, 11.1645, -25.81828]
				},
				"thumb_right2": {
					"rotation": [0, 0, -50]
				},
				"leg_left": {
					"rotation": ["5-math.sin(q.anim_time*90*1)*5", -15, 0],
					"position": [0, 0, 0]
				},
				"leg_left2": {
					"rotation": ["0+math.sin(q.anim_time*90*1)*5", 0, 0]
				},
				"leg_left3": {
					"position": [0, 0, 0]
				},
				"foot_left": {
					"rotation": ["0+math.sin(q.anim_time*90*1)*4", -10, 12.5]
				},
				"bone7": {
					"rotation": [0, 0, -15]
				},
				"bone8": {
					"rotation": [0, 0, 15]
				},
				"bone9": {
					"rotation": [0, 0, 0]
				},
				"bone10": {
					"rotation": ["-15-math.sin(q.anim_time*90*1)*4", 0, 0]
				},
				"bone5": {
					"rotation": [0, 0, 0]
				},
				"bone6": {
					"rotation": ["-15-math.sin(q.anim_time*90*1)*4", 0, 0]
				},
				"leg_right": {
					"rotation": ["5-math.sin(q.anim_time*90*1)*5", 10, 0],
					"position": [0, 0, 0]
				},
				"leg_right2": {
					"rotation": ["0+math.sin(q.anim_time*90*1)*5", 0, 0]
				},
				"foot_right": {
					"rotation": ["0+math.sin(q.anim_time*90*1)*4", 0, -12.5]
				},
				"bone2": {
					"rotation": [0, 0, 12.5]
				},
				"bone13": {
					"rotation": [0, 0, -15]
				},
				"bone14": {
					"rotation": [0, 0, 0]
				},
				"bone15": {
					"rotation": ["-15-math.sin(q.anim_time*90*1)*4", 0, 0]
				},
				"bone16": {
					"rotation": [-2.5, 0, 0]
				},
				"bone17": {
					"rotation": ["-12.5-math.sin(q.anim_time*90*1)*4", 0, 0]
				}
			}
		},
		"animation.mewtwo_mega_x.recoil": {
			"animation_length": 0.5,
			"bones": {
				"chest": {
					"rotation": {
						"0.0": {
							"post": [0, 0, 0],
							"lerp_mode": "catmullrom"
						},
						"0.125": {
							"post": [5, 0, 0],
							"lerp_mode": "catmullrom"
						},
						"0.3333": {
							"post": [-12.5, 0, 0],
							"lerp_mode": "catmullrom"
						},
						"0.5": {
							"post": [0, 0, 0],
							"lerp_mode": "catmullrom"
						}
					}
				},
				"head": {
					"rotation": {
						"0.0": {
							"post": [0, 0, 0],
							"lerp_mode": "catmullrom"
						},
						"0.125": {
							"post": [10, 0, 0],
							"lerp_mode": "catmullrom"
						},
						"0.3333": {
							"post": [-17.5, 0, 0],
							"lerp_mode": "catmullrom"
						},
						"0.5": {
							"post": [0, 0, 0],
							"lerp_mode": "catmullrom"
						}
					}
				}
			}
		}
	}
}