{
  "implemented": true,
  "nationalPokedexNumber": 142,
  "name": "Aerodactyl",
  "primaryType": "rock",
  "secondaryType": "flying",
  "maleRatio": 0.875,
  "height": 18,
  "weight": 590,
  "pokedex": [
    "cobblemon.species.aerodactyl.desc"
  ],
  "labels": [
    "gen1",
    "fossil"
  ],
  "aspects": [],
  "abilities": [
    "rockhead",
    "pressure",
    "h:toughclaws"
  ],
  "eggGroups": [
    "flying"
  ],
  "baseStats": {
    "hp": 80,
    "attack": 105,
    "defence": 65,
    "special_attack": 60,
    "special_defence": 75,
    "speed": 130
  },
  "evYield": {
    "hp": 0,
    "attack": 0,
    "defence": 0,
    "special_attack": 0,
    "special_defence": 0,
    "speed": 2
  },
  "baseExperienceYield": 180,
  "experienceGroup": "slow",
  "catchRate": 45,
  "eggCycles": 35,
  "baseFriendship": 50,
  "baseScale": 1.8,
  "hitbox": {
    "width": 1,
    "height": 1,
    "fixed": false
  },
  "behaviour": {
    "moving": {
      "fly": {
        "canFly": true
      },
      "walk": {
        "walkSpeed": 0.3
      }
    },
    "resting": {
      "canSleep": true,
      "light": "0-4"
    }
  },
  "drops": {
    "amount": 4,
    "entries": [
      {
        "item": "minecraft:bone",
        "quantityRange": "0-3"
      },
      {
        "item": "cobblemon:rocky_helmet",
        "percentage": 10.0
      }
    ]
  },
  "moves": [
    "1:bite",
    "1:ancientpower",
    "5:supersonic",
    "10:wingattack",
    "15:scaryface",
    "20:rockslide",
    "25:roar",
    "30:crunch",
    "35:ironhead",
    "40:takedown",
    "45:stoneedge",
    "50:agility",
    "55:hyperbeam",
    "60:gigaimpact",
    "egg:curse",
    "egg:dragonbreath",
    "egg:foresight",
    "egg:pursuit",
    "egg:roost",
    "egg:tailwind",
    "egg:whirlwind",
    "egg:wideguard",
    "tm:aerialace",
    "tm:agility",
    "tm:aircutter",
    "tm:ancientpower",
    "tm:aquatail",
    "tm:assurance",
    "tm:attract",
    "tm:bide",
    "tm:brutalswing",
    "tm:bulldoze",
    "tm:captivate",
    "tm:confide",
    "tm:crunch",
    "tm:curse",
    "tm:defog",
    "tm:detect",
    "tm:doubleedge",
    "tm:doubleteam",
    "tm:dragonclaw",
    "tm:dragondance",
    "tm:dragonpulse",
    "tm:dragonrage",
    "tm:dualwingbeat",
    "tm:earthpower",
    "tm:earthquake",
    "tm:endure",
    "tm:facade",
    "tm:fireblast",
    "tm:firefang",
    "tm:flamethrower",
    "tm:fly",
    "tm:frustration",
    "tm:gigaimpact",
    "tm:headbutt",
    "tm:heatwave",
    "tm:hiddenpower",
    "tm:honeclaws",
    "tm:hurricane",
    "tm:hyperbeam",
    "tm:icefang",
    "tm:incinerate",
    "tm:ironhead",
    "tm:irontail",
    "tm:laserfocus",
    "tm:meteorbeam",
    "tm:mimic",
    "tm:naturalgift",
    "tm:ominouswind",
    "tm:payback",
    "tm:protect",
    "tm:psychicfangs",
    "tm:raindance",
    "tm:razorwind",
    "tm:reflect",
    "tm:rest",
    "tm:return",
    "tm:roar",
    "tm:rockblast",
    "tm:rockpolish",
    "tm:rockslide",
    "tm:rocksmash",
    "tm:rockthrow",
    "tm:rocktomb",
    "tm:roost",
    "tm:round",
    "tm:sandstorm",
    "tm:scaryface",
    "tm:secretpower",
    "tm:skyattack",
    "tm:skydrop",
    "tm:sleeptalk",
    "tm:smackdown",
    "tm:snore",
    "tm:stealthrock",
    "tm:steelwing",
    "tm:stoneedge",
    "tm:strength",
    "tm:substitute",
    "tm:sunnyday",
    "tm:swagger",
    "tm:swift",
    "tm:tailwind",
    "tm:takedown",
    "tm:taunt",
    "tm:terablast",
    "tm:thief",
    "tm:thunderfang",
    "tm:torment",
    "tm:toxic",
    "tm:twister",
    "tutor:aerialace",
    "tutor:aircutter",
    "tutor:ancientpower",
    "tutor:aquatail",
    "tutor:bulldoze",
    "tutor:celebrate",
    "tutor:defog",
    "tutor:dragonpulse",
    "tutor:dualwingbeat",
    "tutor:earthpower",
    "tutor:firefang",
    "tutor:flamethrower",
    "tutor:gigaimpact",
    "tutor:heatwave",
    "tutor:hyperbeam",
    "tutor:icefang",
    "tutor:ironhead",
    "tutor:irontail",
    "tutor:laserfocus",
    "tutor:meteorbeam",
    "tutor:ominouswind",
    "tutor:psychic",
    "tutor:rest",
    "tutor:rockslide",
    "tutor:rocksmash",
    "tutor:roost",
    "tutor:skyattack",
    "tutor:sleeptalk",
    "tutor:stealthrock",
    "tutor:stoneedge",
    "tutor:swift",
    "tutor:tailwind",
    "tutor:thunderfang",
    "tutor:twister"
  ],
  "evolutions": [
    {
      "id": "aerodactyl_megaaerodactyl",
      "variant": "level_up",
      "result": "aerodactyl mega_evolution=mega",
      "consumeHeldItem": false,
      "learnableMoves": [],
      "requirements": [
          {
            "variant": "level",
            "minLevel": "50"
          },
          {
            "variant": "friendship",
            "amount": 180
          },
          {
            "variant": "held_item",
            "itemCondition": "minecraft:ominous_trial_key"
          }          
       ]
    }
],
  "forms": [
    {
      "name": "Mega",
      "primaryType": "rock",
      "secondaryType": "flying",
      "maleRatio": 0.875,
      "height": 21,
      "weight": 790,
      "pokedex": [
        "cobblemon.species.aerodactyl-mega.desc"
      ],
      "labels": [
        "gen6",
        "mega",
        "fossil"
      ],
      "aspects": [
        "mega"
      ],
      "abilities": [
        "toughclaws",
        "h:toughclaws"
      ],
      "baseStats": {
        "hp": 80,
        "attack": 135,
        "defence": 85,
        "special_attack": 70,
        "special_defence": 95,
        "speed": 150
      },
      "baseExperienceYield": 215,
      "dynamaxBlocked": true,
      "evolutions": [
        {
          "id": "megaaerodactyl_aerodactyl",
          "variant": "level_up",
          "result": "aerodactyl mega_evolution=base",
          "consumeHeldItem": false,
          "learnableMoves": [],
          "requirements": [
		  {
            "variant": "held_item",
            "itemCondition": "minecraft:ominous_trial_key"
          }
		  ]
        }
      ],
      "battleOnly": false
    }
  ]
}
