{
  "implemented": true,
  "nationalPokedexNumber": 6,
  "name": "Charizard",
  "primaryType": "fire",
  "secondaryType": "flying",
  "maleRatio": 0.875,
  "height": 17,
  "weight": 905,
  "pokedex": [
    "cobblemon.species.charizard.desc"
  ],
  "labels": [
    "gen1"
  ],
  "aspects": [],
  "abilities": [
    "blaze",
    "h:solarpower"
  ],
  "eggGroups": [
    "monster",
    "dragon"
  ],
  "baseStats": {
    "hp": 78,
    "attack": 84,
    "defence": 78,
    "special_attack": 109,
    "special_defence": 85,
    "speed": 100
  },
  "evYield": {
    "hp": 0,
    "attack": 0,
    "defence": 0,
    "special_attack": 3,
    "special_defence": 0,
    "speed": 0
  },
  "baseExperienceYield": 267,
  "experienceGroup": "medium_slow",
  "catchRate": 45,
  "eggCycles": 20,
  "baseFriendship": 50,
  "baseScale": 1,
  "hitbox": {
    "width": 1.5,
    "height": 2.65,
    "fixed": false
  },
  "behaviour": {
    "resting": {
      "canSleep": true,
      "light": "0-4"
    },
    "moving": {
      "walk": {
        "walkSpeed": 0.147
      },
      "fly": {
        "canFly": true,
        "flySpeedHorizontal": 0.6
      },
      "swim": {
        "swimSpeed": 0.1,
        "canWalkOnWater": true,
        "canSwimInLava": true
      }
    }
  },
  "drops": {
    "amount": 4,
    "entries": [
      {
        "item": "minecraft:blaze_powder",
        "quantityRange": "0-3"
      },
      {
        "item": "cobblemon:charcoal_stick",
        "percentage": 25.0
      }
    ]
  },
  "moves": [
    "1:dragonclaw",
    "1:airslash",
    "1:scratch",
    "1:growl",
    "1:ember",
    "1:smokescreen",
    "1:dragonrage",
    "1:wingattack",
    "1:heatwave",
    "1:flameburst",
    "12:dragonbreath",
    "19:firefang",
    "24:slash",
    "30:flamethrower",
    "39:scaryface",
    "46:firespin",
    "54:inferno",
    "62:flareblitz",
    "egg:ancientpower",
    "egg:bellydrum",
    "egg:bite",
    "egg:counter",
    "egg:dragonrage",
    "egg:dragonrush",
    "egg:dragontail",
    "egg:irontail",
    "egg:metalclaw",
    "egg:wingattack",
    "tm:acrobatics",
    "tm:aerialace",
    "tm:aircutter",
    "tm:airslash",
    "tm:ancientpower",
    "tm:attract",
    "tm:beatup",
    "tm:bide",
    "tm:blastburn",
    "tm:blazekick",
    "tm:bodyslam",
    "tm:breakingswipe",
    "tm:brickbreak",
    "tm:brutalswing",
    "tm:bulldoze",
    "tm:captivate",
    "tm:confide",
    "tm:crunch",
    "tm:curse",
    "tm:cut",
    "tm:defensecurl",
    "tm:defog",
    "tm:dig",
    "tm:doubleedge",
    "tm:doubleteam",
    "tm:dragoncheer",
    "tm:dragonclaw",
    "tm:dragondance",
    "tm:dragonpulse",
    "tm:dragontail",
    "tm:dualwingbeat",
    "tm:dynamicpunch",
    "tm:earthquake",
    "tm:echoedvoice",
    "tm:endure",
    "tm:facade",
    "tm:falseswipe",
    "tm:fireblast",
    "tm:firefang",
    "tm:firepledge",
    "tm:firepunch",
    "tm:firespin",
    "tm:fissure",
    "tm:flamecharge",
    "tm:flamethrower",
    "tm:flareblitz",
    "tm:fling",
    "tm:fly",
    "tm:focusblast",
    "tm:focuspunch",
    "tm:frustration",
    "tm:furycutter",
    "tm:furyswipes",
    "tm:gigaimpact",
    "tm:headbutt",
    "tm:heatcrash",
    "tm:heatwave",
    "tm:helpinghand",
    "tm:hiddenpower",
    "tm:honeclaws",
    "tm:hurricane",
    "tm:hyperbeam",
    "tm:incinerate",
    "tm:irontail",
    "tm:leer",
    "tm:megakick",
    "tm:megapunch",
    "tm:metalclaw",
    "tm:mimic",
    "tm:mudslap",
    "tm:mysticalfire",
    "tm:naturalgift",
    "tm:ominouswind",
    "tm:outrage",
    "tm:overheat",
    "tm:poweruppunch",
    "tm:protect",
    "tm:reflect",
    "tm:rest",
    "tm:return",
    "tm:roar",
    "tm:rockslide",
    "tm:rocksmash",
    "tm:rocktomb",
    "tm:roost",
    "tm:round",
    "tm:sandstorm",
    "tm:scaleshot",
    "tm:scaryface",
    "tm:scorchingsands",
    "tm:secretpower",
    "tm:shadowclaw",
    "tm:skullbash",
    "tm:skydrop",
    "tm:sleeptalk",
    "tm:snore",
    "tm:solarbeam",
    "tm:steelwing",
    "tm:strength",
    "tm:submission",
    "tm:substitute",
    "tm:sunnyday",
    "tm:swagger",
    "tm:swift",
    "tm:swordsdance",
    "tm:tailwind",
    "tm:takedown",
    "tm:temperflare",
    "tm:terablast",
    "tm:thunderpunch",
    "tm:toxic",
    "tm:twister",
    "tm:weatherball",
    "tm:willowisp",
    "tm:workup",
    "tutor:aerialace",
    "tutor:aircutter",
    "tutor:ancientpower",
    "tutor:blastburn",
    "tutor:bulldoze",
    "tutor:dragonpulse",
    "tutor:firefang",
    "tutor:firepledge",
    "tutor:firepunch",
    "tutor:flamethrower",
    "tutor:focuspunch",
    "tutor:furycutter",
    "tutor:gigaimpact",
    "tutor:heatwave",
    "tutor:helpinghand",
    "tutor:holdhands",
    "tutor:hyperbeam",
    "tutor:irontail",
    "tutor:mysticalfire",
    "tutor:ominouswind",
    "tutor:outrage",
    "tutor:rest",
    "tutor:rockslide",
    "tutor:rocksmash",
    "tutor:roost",
    "tutor:scorchingsands",
    "tutor:seismictoss",
    "tutor:shadowclaw",
    "tutor:sleeptalk",
    "tutor:swift",
    "tutor:thunderpunch",
    "tutor:twister"
  ],
  "preEvolution": "charmeleon",
  "evolutions": [
    {
      "id": "charizard_charizard-mega-x",
      "variant": "level_up",
      "result": "charizard mega_evolution=mega_x",
      "consumeHeldItem": false,
      "learnableMoves": [],
      "requirements": [
          {
            "variant": "level",
            "minLevel": "50"
          },
          {
            "variant": "friendship",
            "amount": 180
          },
          {
            "variant": "held_item",
            "itemCondition": "minecraft:ominous_trial_key"
          }          
       ]
    },
    {
      "id": "charizard_charizard-mega-y",
      "variant": "level_up",
      "result": "charizard mega_evolution=mega_y",
      "consumeHeldItem": false,
      "learnableMoves": [],
      "requirements": [
          {
            "variant": "level",
            "minLevel": "50"
          },
          {
            "variant": "friendship",
            "amount": 180
          },
          {
            "variant": "held_item",
            "itemCondition": "minecraft:ominous_trial_key"
          }          
       ]
    }
],
  "forms": [
    {
      "name": "Mega-X",
      "primaryType": "fire",
      "secondaryType": "dragon",
      "maleRatio": 0.875,
      "height": 17,
      "weight": 1105,
      "pokedex": [
        "cobblemon.species.charizard-megax.desc"
      ],
      "labels": [
        "gen6",
        "mega"
      ],
      "aspects": [
        "mega_x"
      ],
      "abilities": [
        "toughclaws",
        "h:toughclaws"
      ],
      "baseStats": {
        "hp": 78,
        "attack": 130,
        "defence": 111,
        "special_attack": 130,
        "special_defence": 85,
        "speed": 100
      },
      "baseExperienceYield": 317,
      "dynamaxBlocked": true,
      "evolutions": [
        {
          "id": "megacharizardx_charizard",
          "variant": "level_up",
          "result": "charizard mega_evolution=base",
          "consumeHeldItem": false,
          "learnableMoves": [],
          "requirements": [
		  {
            "variant": "held_item",
            "itemCondition": "minecraft:ominous_trial_key"
          }
		  ]
        }
      ],
      "battleOnly": false
    },
    {
      "name": "Mega-Y",
      "primaryType": "fire",
      "secondaryType": "flying",
      "maleRatio": 0.875,
      "height": 17,
      "weight": 1005,
      "pokedex": [
        "cobblemon.species.charizard-megay.desc"
      ],
      "labels": [
        "gen6",
        "mega"
      ],
      "aspects": [
        "mega_y"
      ],
      "abilities": [
        "drought",
        "h:drought"
      ],
      "baseStats": {
        "hp": 78,
        "attack": 104,
        "defence": 78,
        "special_attack": 159,
        "special_defence": 115,
        "speed": 100
      },
      "baseExperienceYield": 317,
      "dynamaxBlocked": true,
      "evolutions": [
        {
          "id": "megacharizardy_charizard",
          "variant": "level_up",
          "result": "charizard mega_evolution=base",
          "consumeHeldItem": false,
          "learnableMoves": [],
          "requirements": [
		  {
            "variant": "held_item",
            "itemCondition": "minecraft:ominous_trial_key"
          }
		  ]
        }
      ],
      "battleOnly": false
    }
  ]
}
