{
  "implemented": true,
  "nationalPokedexNumber": 150,
  "name": "Mewtwo",
  "primaryType": "psychic",
  "maleRatio": -1,
  "height": 20,
  "weight": 1220,
  "pokedex": [
    "cobblemon.species.mewtwo.desc"
  ],
  "labels": [
    "gen1",
    "legendary",
    "restricted"
  ],
  "aspects": [],
  "abilities": [
    "pressure",
    "h:unnerve"
  ],
  "eggGroups": [
    "undiscovered"
  ],
  "baseStats": {
    "hp": 106,
    "attack": 110,
    "defence": 90,
    "special_attack": 154,
    "special_defence": 90,
    "speed": 130
  },
  "evYield": {
    "hp": 0,
    "attack": 0,
    "defence": 0,
    "special_attack": 3,
    "special_defence": 0,
    "speed": 0
  },
  "baseExperienceYield": 340,
  "experienceGroup": "slow",
  "catchRate": 3,
  "eggCycles": 120,
  "baseFriendship": 0,
  "baseScale": 0.95,
  "hitbox": {
    "width": 2.0,
    "height": 2.0,
    "fixed": false
  },
  "behaviour": {
    "moving": {
      "fly": {
        "canFly": true
      }
    }
  },
  "drops": {
    "amount": 1,
    "entries": [
      {
        "item": "cobblemon:twisted_spoon"
      }
    ]
  },
  "moves": [
    "1:confusion",
    "1:disable",
    "1:barrier",
    "1:swift",
    "1:miracleeye",
    "1:mefirst",
    "1:laserfocus",
    "1:psywave",
    "1:lifedew",
    "8:ancientpower",
    "16:psychocut",
    "24:safeguard",
    "32:amnesia",
    "40:aurasphere",
    "48:psychic",
    "56:powerswap",
    "56:guardswap",
    "64:mist",
    "72:psystrike",
    "80:recover",
    "88:futuresight",
    "tm:aerialace",
    "tm:agility",
    "tm:allyswitch",
    "tm:amnesia",
    "tm:ancientpower",
    "tm:aquatail",
    "tm:aurasphere",
    "tm:avalanche",
    "tm:bide",
    "tm:blizzard",
    "tm:bodyslam",
    "tm:brickbreak",
    "tm:brutalswing",
    "tm:bubblebeam",
    "tm:bulkup",
    "tm:bulldoze",
    "tm:calmmind",
    "tm:chargebeam",
    "tm:chillingwater",
    "tm:confide",
    "tm:confuseray",
    "tm:counter",
    "tm:curse",
    "tm:darkpulse",
    "tm:detect",
    "tm:dive",
    "tm:doubleedge",
    "tm:doubleteam",
    "tm:drainpunch",
    "tm:dreameater",
    "tm:dynamicpunch",
    "tm:earthpower",
    "tm:earthquake",
    "tm:electroball",
    "tm:embargo",
    "tm:endure",
    "tm:energyball",
    "tm:expandingforce",
    "tm:facade",
    "tm:fireblast",
    "tm:firepunch",
    "tm:flamethrower",
    "tm:flash",
    "tm:fling",
    "tm:focusblast",
    "tm:focuspunch",
    "tm:foulplay",
    "tm:frustration",
    "tm:futuresight",
    "tm:gigaimpact",
    "tm:grassknot",
    "tm:gravity",
    "tm:guardswap",
    "tm:hail",
    "tm:headbutt",
    "tm:helpinghand",
    "tm:hex",
    "tm:hiddenpower",
    "tm:hurricane",
    "tm:hyperbeam",
    "tm:icebeam",
    "tm:icepunch",
    "tm:icywind",
    "tm:imprison",
    "tm:incinerate",
    "tm:irontail",
    "tm:knockoff",
    "tm:laserfocus",
    "tm:lashout",
    "tm:lightscreen",
    "tm:lowkick",
    "tm:lowsweep",
    "tm:magiccoat",
    "tm:magicroom",
    "tm:megakick",
    "tm:megapunch",
    "tm:metronome",
    "tm:mimic",
    "tm:mudslap",
    "tm:nastyplot",
    "tm:naturalgift",
    "tm:nightmare",
    "tm:nightshade",
    "tm:payday",
    "tm:poisonjab",
    "tm:powergem",
    "tm:powerswap",
    "tm:poweruppunch",
    "tm:protect",
    "tm:psybeam",
    "tm:psychic",
    "tm:psychicnoise",
    "tm:psychicterrain",
    "tm:psychocut",
    "tm:psychup",
    "tm:psyshock",
    "tm:rage",
    "tm:raindance",
    "tm:recycle",
    "tm:reflect",
    "tm:rest",
    "tm:return",
    "tm:reversal",
    "tm:rockclimb",
    "tm:rockslide",
    "tm:rocksmash",
    "tm:rocktomb",
    "tm:roleplay",
    "tm:round",
    "tm:safeguard",
    "tm:sandstorm",
    "tm:scaryface",
    "tm:secretpower",
    "tm:seismictoss",
    "tm:selfdestruct",
    "tm:shadowball",
    "tm:shockwave",
    "tm:signalbeam",
    "tm:skillswap",
    "tm:skullbash",
    "tm:sleeptalk",
    "tm:snatch",
    "tm:snore",
    "tm:solarbeam",
    "tm:speedswap",
    "tm:spite",
    "tm:stompingtantrum",
    "tm:stoneedge",
    "tm:storedpower",
    "tm:strength",
    "tm:submission",
    "tm:substitute",
    "tm:sunnyday",
    "tm:swagger",
    "tm:swift",
    "tm:takedown",
    "tm:taunt",
    "tm:telekinesis",
    "tm:teleport",
    "tm:terablast",
    "tm:thunder",
    "tm:thunderbolt",
    "tm:thunderpunch",
    "tm:thunderwave",
    "tm:torment",
    "tm:toxic",
    "tm:trailblaze",
    "tm:triattack",
    "tm:trick",
    "tm:trickroom",
    "tm:watergun",
    "tm:waterpulse",
    "tm:weatherball",
    "tm:willowisp",
    "tm:wonderroom",
    "tm:zapcannon",
    "tm:zenheadbutt",
    "tutor:allyswitch",
    "tutor:ancientpower",
    "tutor:aquatail",
    "tutor:bulkup",
    "tutor:bulldoze",
    "tutor:calmmind",
    "tutor:darkpulse",
    "tutor:dive",
    "tutor:drainpunch",
    "tutor:earthpower",
    "tutor:energyball",
    "tutor:expandingforce",
    "tutor:firepunch",
    "tutor:flamethrower",
    "tutor:focuspunch",
    "tutor:foulplay",
    "tutor:gigaimpact",
    "tutor:gravity",
    "tutor:healpulse",
    "tutor:helpinghand",
    "tutor:hyperbeam",
    "tutor:icebeam",
    "tutor:icepunch",
    "tutor:icywind",
    "tutor:irontail",
    "tutor:knockoff",
    "tutor:laserfocus",
    "tutor:lashout",
    "tutor:lowkick",
    "tutor:magiccoat",
    "tutor:magicroom",
    "tutor:poisonjab",
    "tutor:psychic",
    "tutor:psychocut",
    "tutor:recycle",
    "tutor:rest",
    "tutor:rockslide",
    "tutor:rocksmash",
    "tutor:roleplay",
    "tutor:shadowball",
    "tutor:shockwave",
    "tutor:signalbeam",
    "tutor:skillswap",
    "tutor:sleeptalk",
    "tutor:snatch",
    "tutor:spite",
    "tutor:stompingtantrum",
    "tutor:stoneedge",
    "tutor:swift",
    "tutor:telekinesis",
    "tutor:thunderbolt",
    "tutor:thunderpunch",
    "tutor:trick",
    "tutor:wonderroom",
    "tutor:zenheadbutt"
  ],
  "evolutions": [
    {
      "id": "mewtwo_mewtwo-megax",
      "variant": "level_up",
      "result": "mewtwo mega_evolution=mega_x",
      "consumeHeldItem": false,
      "learnableMoves": [],
      "requirements": [
          {
            "variant": "level",
            "minLevel": "70"
          },
          {
            "variant": "friendship",
            "amount": 180
          },
          {
            "variant": "held_item",
            "itemCondition": "minecraft:ominous_trial_key"
          }          
       ]
    },
    {
      "id": "mewtwo_mewtwo-megay",
      "variant": "level_up",
      "result": "mewtwo mega_evolution=mega_y",
      "consumeHeldItem": false,
      "learnableMoves": [],
      "requirements": [
          {
            "variant": "level",
            "minLevel": "70"
          },
          {
            "variant": "friendship",
            "amount": 180
          },
          {
            "variant": "held_item",
            "itemCondition": "minecraft:ominous_trial_key"
          }          
       ]
    }
],
  "forms": [
    {
      "name": "Mega-X",
      "primaryType": "psychic",
      "secondaryType": "fighting",
      "maleRatio": -1,
      "height": 23,
      "weight": 1270,
      "baseScale": 1.2,
      "hitbox": {
        "width": 0.75,
        "height": 1.7,
        "fixed": false
      },
      "pokedex": [
        "cobblemon.species.mewtwo-megax.desc"
      ],
      "labels": [
        "gen6",
        "legendary",
        "restricted",
        "mega"
      ],
      "aspects": [
        "mega_x"
      ],
      "abilities": [
        "steadfast",
        "h:steadfast"
      ],
      "baseStats": {
        "hp": 106,
        "attack": 190,
        "defence": 100,
        "special_attack": 154,
        "special_defence": 100,
        "speed": 130
      },
      "baseExperienceYield": 390,
      "dynamaxBlocked": true,
      "evolutions": [
        {
          "id": "megamewtwox_mewtwo",
          "variant": "level_up",
          "result": "mewtwo mega_evolution=base",
          "consumeHeldItem": false,
          "learnableMoves": [],
          "requirements": [
		  {
            "variant": "held_item",
            "itemCondition": "minecraft:ominous_trial_key"
          }
		  ]
        }
      ],
      "battleOnly": false
    },
    {
      "name": "Mega-Y",
      "primaryType": "psychic",
      "maleRatio": -1,
      "height": 15,
      "weight": 330,
      "baseScale": 1.2,
      "hitbox": {
        "width": 0.75,
        "height": 1.7,
        "fixed": false
      },
      "pokedex": [
        "cobblemon.species.mewtwo-megay.desc"
      ],
      "labels": [
        "gen6",
        "legendary",
        "restricted",
        "mega"
      ],
      "aspects": [
        "mega_y"
      ],
      "abilities": [
        "insomnia",
        "h:insomnia"
      ],
      "baseStats": {
        "hp": 106,
        "attack": 150,
        "defence": 70,
        "special_attack": 194,
        "special_defence": 120,
        "speed": 140
      },
      "baseExperienceYield": 390,
      "dynamaxBlocked": true,
      "evolutions": [
        {
          "id": "megamewtwoy_mewtwo",
          "variant": "level_up",
          "result": "mewtwo mega_evolution=base",
          "consumeHeldItem": false,
          "learnableMoves": [],
          "requirements": [
		  {
            "variant": "held_item",
            "itemCondition": "minecraft:ominous_trial_key"
          }
		  ]
        }
      ],
      "battleOnly": false
    }
  ]
}
