{
  "implemented": true,
  "nationalPokedexNumber": 80,
  "name": "Slowbro",
  "primaryType": "water",
  "secondaryType": "psychic",
  "maleRatio": 0.5,
  "height": 16,
  "weight": 785,
  "pokedex": [
    "cobblemon.species.slowbro.desc"
  ],
  "labels": [
    "gen1",
    "kantonian_form"
  ],
  "aspects": [],
  "abilities": [
    "oblivious",
    "owntempo",
    "h:regenerator"
  ],
  "eggGroups": [
    "monster",
    "water_1"
  ],
  "baseStats": {
    "hp": 95,
    "attack": 75,
    "defence": 110,
    "special_attack": 100,
    "special_defence": 80,
    "speed": 30
  },
  "evYield": {
    "hp": 0,
    "attack": 0,
    "defence": 2,
    "special_attack": 0,
    "special_defence": 0,
    "speed": 0
  },
  "baseExperienceYield": 172,
  "experienceGroup": "medium_fast",
  "catchRate": 75,
  "eggCycles": 20,
  "baseFriendship": 50,
  "features": [
    "galarian"
  ],
  "baseScale": 1.3,
  "hitbox": {
    "width": 0.8,
    "height": 1.3,
    "fixed": false
  },
  "behaviour": {
    "moving": {
      "swim": {
        "swimSpeed": 0.08,
        "canBreatheUnderwater": true,
        "canSwimInWater": true,
        "canSwimInLava": false
      },
      "walk": {
        "walkSpeed": 0.15
      }
    }
  },
  "drops": {
    "amount": 2,
    "entries": [
      {
        "item": "cobblemon:kings_rock",
        "percentage": 5.0
      },
      {
        "item": "cobblemon:chesto_berry",
        "percentage": 5.0
      }
    ]
  },
  "moves": [
    "1:curse",
    "1:tackle",
    "1:growl",
    "1:watergun",
    "1:withdraw",
    "1:futuresight",
    "9:yawn",
    "12:confusion",
    "15:disable",
    "18:waterpulse",
    "21:headbutt",
    "24:zenheadbutt",
    "27:amnesia",
    "30:surf",
    "33:slackoff",
    "36:psychic",
    "41:psychup",
    "46:raindance",
    "51:healpulse",
    "egg:belch",
    "egg:bellydrum",
    "egg:block",
    "egg:mefirst",
    "egg:mudsport",
    "egg:snore",
    "egg:stomp",
    "tm:aerialace",
    "tm:afteryou",
    "tm:amnesia",
    "tm:aquatail",
    "tm:attract",
    "tm:avalanche",
    "tm:bide",
    "tm:blizzard",
    "tm:block",
    "tm:bodypress",
    "tm:bodyslam",
    "tm:brickbreak",
    "tm:brine",
    "tm:bubblebeam",
    "tm:bulldoze",
    "tm:calmmind",
    "tm:captivate",
    "tm:chillingwater",
    "tm:confide",
    "tm:counter",
    "tm:curse",
    "tm:dig",
    "tm:dive",
    "tm:doubleedge",
    "tm:doubleteam",
    "tm:drainpunch",
    "tm:dreameater",
    "tm:dynamicpunch",
    "tm:earthquake",
    "tm:echoedvoice",
    "tm:endure",
    "tm:expandingforce",
    "tm:facade",
    "tm:fireblast",
    "tm:fissure",
    "tm:flamethrower",
    "tm:flash",
    "tm:fling",
    "tm:focusblast",
    "tm:focuspunch",
    "tm:foulplay",
    "tm:frustration",
    "tm:furycutter",
    "tm:futuresight",
    "tm:gigaimpact",
    "tm:grassknot",
    "tm:hail",
    "tm:headbutt",
    "tm:helpinghand",
    "tm:hiddenpower",
    "tm:hydropump",
    "tm:hyperbeam",
    "tm:icebeam",
    "tm:icepunch",
    "tm:icywind",
    "tm:imprison",
    "tm:incinerate",
    "tm:irondefense",
    "tm:irontail",
    "tm:lightscreen",
    "tm:liquidation",
    "tm:magiccoat",
    "tm:megakick",
    "tm:megapunch",
    "tm:metronome",
    "tm:mimic",
    "tm:muddywater",
    "tm:mudshot",
    "tm:mudslap",
    "tm:nastyplot",
    "tm:naturalgift",
    "tm:nightmare",
    "tm:payday",
    "tm:protect",
    "tm:psybeam",
    "tm:psychic",
    "tm:psychicnoise",
    "tm:psychicterrain",
    "tm:psychup",
    "tm:psyshock",
    "tm:psywave",
    "tm:rage",
    "tm:raindance",
    "tm:razorshell",
    "tm:recycle",
    "tm:reflect",
    "tm:rest",
    "tm:return",
    "tm:rocksmash",
    "tm:round",
    "tm:safeguard",
    "tm:scald",
    "tm:secretpower",
    "tm:seismictoss",
    "tm:shadowball",
    "tm:signalbeam",
    "tm:skillswap",
    "tm:skullbash",
    "tm:sleeptalk",
    "tm:snore",
    "tm:snowscape",
    "tm:storedpower",
    "tm:strength",
    "tm:submission",
    "tm:substitute",
    "tm:sunnyday",
    "tm:surf",
    "tm:swagger",
    "tm:swift",
    "tm:takedown",
    "tm:telekinesis",
    "tm:teleport",
    "tm:terablast",
    "tm:thunderwave",
    "tm:toxic",
    "tm:triattack",
    "tm:trick",
    "tm:trickroom",
    "tm:waterfall",
    "tm:waterpulse",
    "tm:weatherball",
    "tm:whirlpool",
    "tm:wonderroom",
    "tm:zapcannon",
    "tm:zenheadbutt",
    "tutor:afteryou",
    "tutor:aquatail",
    "tutor:block",
    "tutor:bulldoze",
    "tutor:calmmind",
    "tutor:dive",
    "tutor:drainpunch",
    "tutor:expandingforce",
    "tutor:flamethrower",
    "tutor:focuspunch",
    "tutor:foulplay",
    "tutor:furycutter",
    "tutor:gigaimpact",
    "tutor:helpinghand",
    "tutor:hyperbeam",
    "tutor:icebeam",
    "tutor:icepunch",
    "tutor:icywind",
    "tutor:irondefense",
    "tutor:irontail",
    "tutor:liquidation",
    "tutor:magiccoat",
    "tutor:psychic",
    "tutor:recycle",
    "tutor:rest",
    "tutor:rocksmash",
    "tutor:shadowball",
    "tutor:signalbeam",
    "tutor:skillswap",
    "tutor:sleeptalk",
    "tutor:snore",
    "tutor:swift",
    "tutor:telekinesis",
    "tutor:trick",
    "tutor:waterpulse",
    "tutor:wonderroom",
    "tutor:zenheadbutt"
  ],
  "preEvolution": "slowpoke",
  "evolutions": [
    {
      "id": "slowbro_megaslowbro",
      "variant": "level_up",
      "result": "slowbro mega_evolution=mega",
      "consumeHeldItem": false,
      "learnableMoves": [],
      "requirements": [
          {
            "variant": "level",
            "minLevel": "50"
          },
          {
            "variant": "friendship",
            "amount": 180
          },
          {
            "variant": "held_item",
            "itemCondition": "minecraft:ominous_trial_key"
          }          
       ]
    }
],
  "forms": [
    {
      "name": "Mega",
      "primaryType": "water",
      "secondaryType": "psychic",
      "maleRatio": 0.5,
      "height": 20,
      "weight": 1200,
      "pokedex": [
        "cobblemon.species.slowbro-mega.desc"
      ],
      "labels": [
        "gen6",
        "mega"
      ],
      "aspects": [
        "mega"
      ],
      "abilities": [
        "shellarmor",
        "h:shellarmor"
      ],
      "baseStats": {
        "hp": 95,
        "attack": 75,
        "defence": 180,
        "special_attack": 130,
        "special_defence": 80,
        "speed": 30
      },
      "baseExperienceYield": 207,
      "dynamaxBlocked": true,
      "behaviour": {
        "moving": {
          "swim": {
            "swimSpeed": "0.2",
            "canBreatheUnderwater": true,
            "canSwimInWater": true,
            "canSwimInLava": false
          },
          "walk": {
            "walkSpeed": 0.15
          }
        }
      },
      "evolutions": [
        {
          "id": "megaslowbro_slowbro",
          "variant": "level_up",
          "result": "slowbro mega_evolution=base",
          "consumeHeldItem": false,
          "learnableMoves": [],
          "requirements": [
		  {
            "variant": "held_item",
            "itemCondition": "minecraft:ominous_trial_key"
          }
		  ]
        }
      ],
      "battleOnly": false
    },
    {
      "name": "Galar",
      "primaryType": "poison",
      "secondaryType": "psychic",
      "maleRatio": 0.5,
      "height": 16,
      "weight": 705,
      "pokedex": [
        "cobblemon.species.slowbro-galar.desc"
      ],
      "labels": [
        "gen8",
        "galarian_form"
      ],
      "aspects": [
        "galarian"
      ],
      "abilities": [
        "quickdraw",
        "owntempo",
        "h:regenerator"
      ],
      "baseStats": {
        "hp": 95,
        "attack": 100,
        "defence": 95,
        "special_attack": 100,
        "special_defence": 70,
        "speed": 30
      },
      "evYield": {
        "hp": 0,
        "attack": 2,
        "defence": 0,
        "special_attack": 0,
        "special_defence": 0,
        "speed": 0
      },
      "behaviour": {
        "moving": {
          "swim": {
            "swimSpeed": "0.2",
            "canBreatheUnderwater": true,
            "canSwimInWater": true,
            "canSwimInLava": false
          },
          "walk": {
            "walkSpeed": 0.15
          }
        }
      },
      "drops": {
        "amount": 3,
        "entries": [
          {
            "item": "cobblemon:galarica_nuts",
            "quantityRange": "0-2"
          },
          {
            "item": "cobblemon:chesto_berry",
            "percentage": 5.0
          }
        ]
      },
      "moves": [
        "1:shellsidearm",
        "1:withdraw",
        "1:tackle",
        "1:curse",
        "1:growl",
        "1:acid",
        "9:yawn",
        "12:confusion",
        "15:disable",
        "18:waterpulse",
        "21:headbutt",
        "24:zenheadbutt",
        "27:amnesia",
        "30:surf",
        "33:slackoff",
        "36:psychic",
        "39:psychup",
        "42:raindance",
        "45:healpulse",
        "egg:belch",
        "egg:bellydrum",
        "egg:block",
        "egg:stomp",
        "tm:acidspray",
        "tm:amnesia",
        "tm:attract",
        "tm:avalanche",
        "tm:blizzard",
        "tm:block",
        "tm:bodypress",
        "tm:bodyslam",
        "tm:brickbreak",
        "tm:brine",
        "tm:brutalswing",
        "tm:bulldoze",
        "tm:calmmind",
        "tm:chillingwater",
        "tm:curse",
        "tm:dig",
        "tm:dive",
        "tm:doubleedge",
        "tm:drainpunch",
        "tm:earthquake",
        "tm:endure",
        "tm:expandingforce",
        "tm:facade",
        "tm:fireblast",
        "tm:flamethrower",
        "tm:fling",
        "tm:focusblast",
        "tm:foulplay",
        "tm:futuresight",
        "tm:gigaimpact",
        "tm:grassknot",
        "tm:gunkshot",
        "tm:hail",
        "tm:haze",
        "tm:headbutt",
        "tm:helpinghand",
        "tm:hydropump",
        "tm:hyperbeam",
        "tm:icebeam",
        "tm:icefang",
        "tm:icepunch",
        "tm:icywind",
        "tm:imprison",
        "tm:irondefense",
        "tm:irontail",
        "tm:lightscreen",
        "tm:liquidation",
        "tm:megakick",
        "tm:megapunch",
        "tm:metronome",
        "tm:muddywater",
        "tm:mudshot",
        "tm:nastyplot",
        "tm:payday",
        "tm:poisonjab",
        "tm:powergem",
        "tm:protect",
        "tm:psybeam",
        "tm:psychic",
        "tm:psychicterrain",
        "tm:psychup",
        "tm:psyshock",
        "tm:raindance",
        "tm:razorshell",
        "tm:rest",
        "tm:rockblast",
        "tm:round",
        "tm:safeguard",
        "tm:sandstorm",
        "tm:scald",
        "tm:scaryface",
        "tm:shadowball",
        "tm:skillswap",
        "tm:sleeptalk",
        "tm:sludgebomb",
        "tm:sludgewave",
        "tm:smackdown",
        "tm:snore",
        "tm:snowscape",
        "tm:storedpower",
        "tm:substitute",
        "tm:sunnyday",
        "tm:surf",
        "tm:swift",
        "tm:takedown",
        "tm:terablast",
        "tm:thunderwave",
        "tm:toxic",
        "tm:triattack",
        "tm:trick",
        "tm:trickroom",
        "tm:venoshock",
        "tm:waterfall",
        "tm:watergun",
        "tm:waterpulse",
        "tm:weatherball",
        "tm:whirlpool",
        "tm:wonderroom",
        "tm:zenheadbutt",
        "tutor:block",
        "tutor:bulldoze",
        "tutor:calmmind",
        "tutor:dive",
        "tutor:drainpunch",
        "tutor:expandingforce",
        "tutor:flamethrower",
        "tutor:foulplay",
        "tutor:gigaimpact",
        "tutor:gunkshot",
        "tutor:helpinghand",
        "tutor:hyperbeam",
        "tutor:icebeam",
        "tutor:icefang",
        "tutor:icepunch",
        "tutor:icywind",
        "tutor:irondefense",
        "tutor:irontail",
        "tutor:liquidation",
        "tutor:poisonjab",
        "tutor:psychic",
        "tutor:rest",
        "tutor:shadowball",
        "tutor:skillswap",
        "tutor:sleeptalk",
        "tutor:sludgebomb",
        "tutor:swift",
        "tutor:trick",
        "tutor:waterpulse",
        "tutor:wonderroom",
        "tutor:zenheadbutt"
      ],
      "preEvolution": "slowpoke galarian",
      "evolutions": [],
      "battleOnly": false
    }
  ]
}
