{
  "implemented": true,
  "nationalPokedexNumber": 3,
  "name": "Venusaur",
  "primaryType": "grass",
  "secondaryType": "poison",
  "maleRatio": 0.875,
  "height": 20,
  "weight": 1000,
  "pokedex": [
    "cobblemon.species.venusaur.desc"
  ],
  "labels": [
    "gen1"
  ],
  "aspects": [],
  "abilities": [
    "overgrow",
    "h:chlorophyll"
  ],
  "eggGroups": [
    "monster",
    "grass"
  ],
  "baseStats": {
    "hp": 80,
    "attack": 82,
    "defence": 83,
    "special_attack": 100,
    "special_defence": 100,
    "speed": 80
  },
  "evYield": {
    "hp": 0,
    "attack": 0,
    "defence": 0,
    "special_attack": 2,
    "special_defence": 1,
    "speed": 0
  },
  "baseExperienceYield": 263,
  "experienceGroup": "medium_slow",
  "catchRate": 45,
  "eggCycles": 20,
  "baseFriendship": 50,
  "baseScale": 1.2,
  "hitbox": {
    "width": 2.2,
    "height": 2,
    "fixed": false
  },
  "standingEyeHeight": 0.4,
  "swimmingEyeHeight": 0.4,
  "behaviour": {
    "moving": {
      "walk": {
        "walkSpeed": 0.135
      }
    },
    "resting": {
      "canSleep": true,
      "light": "0-4"
    }
  },
  "drops": {
    "amount": 4,
    "entries": [
      {
        "item": "minecraft:melon_seeds",
        "quantityRange": "0-3"
      },
      {
        "item": "cobblemon:miracle_seed",
        "percentage": 25.0
      }
    ]
  },
  "moves": [
    "1:tackle",
    "1:growl",
    "1:vinewhip",
    "1:growth",
    "1:petaldance",
    "1:petalblizzard",
    "9:leechseed",
    "12:razorleaf",
    "15:poisonpowder",
    "15:sleeppowder",
    "20:seedbomb",
    "25:takedown",
    "30:sweetscent",
    "37:synthesis",
    "44:worryseed",
    "51:powerwhip",
    "58:solarbeam",
    "egg:curse",
    "egg:grasswhistle",
    "egg:ingrain",
    "egg:petaldance",
    "egg:skullbash",
    "egg:sludge",
    "egg:toxic",
    "tm:acidspray",
    "tm:amnesia",
    "tm:attract",
    "tm:bide",
    "tm:bind",
    "tm:block",
    "tm:bodyslam",
    "tm:bulldoze",
    "tm:bulletseed",
    "tm:captivate",
    "tm:charm",
    "tm:confide",
    "tm:curse",
    "tm:cut",
    "tm:defensecurl",
    "tm:doubleedge",
    "tm:doubleteam",
    "tm:earthpower",
    "tm:earthquake",
    "tm:echoedvoice",
    "tm:endure",
    "tm:energyball",
    "tm:facade",
    "tm:falseswipe",
    "tm:flash",
    "tm:frenzyplant",
    "tm:frustration",
    "tm:furycutter",
    "tm:gigadrain",
    "tm:gigaimpact",
    "tm:grassknot",
    "tm:grasspledge",
    "tm:grassyglide",
    "tm:grassyterrain",
    "tm:headbutt",
    "tm:helpinghand",
    "tm:hiddenpower",
    "tm:hyperbeam",
    "tm:knockoff",
    "tm:leafstorm",
    "tm:lightscreen",
    "tm:magicalleaf",
    "tm:megadrain",
    "tm:mimic",
    "tm:mudslap",
    "tm:naturalgift",
    "tm:naturepower",
    "tm:outrage",
    "tm:petalblizzard",
    "tm:poisonjab",
    "tm:powerwhip",
    "tm:protect",
    "tm:reflect",
    "tm:rest",
    "tm:return",
    "tm:roar",
    "tm:rockclimb",
    "tm:rocksmash",
    "tm:round",
    "tm:safeguard",
    "tm:scaryface",
    "tm:secretpower",
    "tm:seedbomb",
    "tm:sleeptalk",
    "tm:sludgebomb",
    "tm:snore",
    "tm:solarbeam",
    "tm:stompingtantrum",
    "tm:strength",
    "tm:stringshot",
    "tm:substitute",
    "tm:sunnyday",
    "tm:swagger",
    "tm:swordsdance",
    "tm:synthesis",
    "tm:takedown",
    "tm:terablast",
    "tm:terrainpulse",
    "tm:toxic",
    "tm:trailblaze",
    "tm:venoshock",
    "tm:weatherball",
    "tm:workup",
    "tm:worryseed",
    "tutor:bind",
    "tutor:block",
    "tutor:bulldoze",
    "tutor:earthpower",
    "tutor:energyball",
    "tutor:falseswipe",
    "tutor:frenzyplant",
    "tutor:furycutter",
    "tutor:gigadrain",
    "tutor:gigaimpact",
    "tutor:grasspledge",
    "tutor:grassyglide",
    "tutor:helpinghand",
    "tutor:hyperbeam",
    "tutor:knockoff",
    "tutor:magicalleaf",
    "tutor:poisonjab",
    "tutor:rest",
    "tutor:rocksmash",
    "tutor:seedbomb",
    "tutor:sleeptalk",
    "tutor:sludgebomb",
    "tutor:stompingtantrum",
    "tutor:stringshot",
    "tutor:synthesis",
    "tutor:terrainpulse",
    "tutor:worryseed"
  ],
  "preEvolution": "ivysaur",
  "evolutions": [
    {
      "id": "venusaur_megavenusaur",
      "variant": "level_up",
      "result": "venusaur mega_evolution=mega",
      "consumeHeldItem": false,
      "learnableMoves": [],
      "requirements": [
          {
            "variant": "level",
            "minLevel": "50"
          },
          {
            "variant": "friendship",
            "amount": 180
          },
          {
            "variant": "held_item",
            "itemCondition": "minecraft:ominous_trial_key"
          }          
       ]
    }
],
  "forms": [
    {
      "name": "Mega",
      "primaryType": "grass",
      "secondaryType": "poison",
      "maleRatio": 0.875,
      "height": 24,
      "weight": 1555,
      "pokedex": [
        "cobblemon.species.venusaur-mega.desc"
      ],
      "labels": [
        "gen6",
        "mega"
      ],
      "aspects": [
        "mega"
      ],
      "abilities": [
        "thickfat",
        "h:thickfat"
      ],
      "baseStats": {
        "hp": 80,
        "attack": 100,
        "defence": 123,
        "special_attack": 122,
        "special_defence": 120,
        "speed": 80
      },
      "baseExperienceYield": 313,
      "dynamaxBlocked": true,
      "evolutions": [
        {
          "id": "megavenusaur_venusaur",
          "variant": "level_up",
          "result": "venusaur mega_evolution=base",
          "consumeHeldItem": false,
          "learnableMoves": [],
          "requirements": [
		  {
            "variant": "held_item",
            "itemCondition": "minecraft:ominous_trial_key"
          }
		  ]
        }
      ],
      "battleOnly": false
    },
    {
      "name": "Gmax",
      "primaryType": "grass",
      "secondaryType": "poison",
      "maleRatio": 0.875,
      "height": 240,
      "weight": 0,
      "pokedex": [
        "cobblemon.species.venusaur-gmax.desc"
      ],
      "labels": [
        "gen8",
        "gmax"
      ],
      "aspects": [
        "gmax"
      ],
      "dynamaxBlocked": true,
      "evolutions": [],
      "battleOnly": true
    }
  ]
}
